,帖子内容,发布时间
0,巴以冲突，巴人民捍卫主权顽强的抵抗.如果这些不是石头，以军还敢这么嚣张嘛.军事杂谈武器装备军事新闻关注俄乌局势最新进展军事L清新Xp的微博视频,2023-10-01 23:40
1,昨日简讯： 🇱🇧谢赫·卡沃克：挑战与对抗的群体必须从梦中醒来。 穆萨维议员：我们确认真主党渴望开放和对话。 哈吉·哈桑议员：我们呼吁对话和内部谅解选举共和国总统。 军队：突袭叙利亚流离失所者营地并进行搜捕。 民防部门扑灭了阿喀里城镇的火灾。议员侯赛因·哈吉·哈桑：黎巴嫩政府必须摆脱美国的压力，解决流离失所问题。议员易卜拉欣·穆萨维：真主党热衷于开放和对话，以确保总统职位上有坚实的民族形象。谢赫·纳比尔·卡沃克：各级危机复杂化的主要原因是挑战和对抗团体坚持破坏倡议。🇮🇶伊拉克尼尼微卫生局：哈姆达尼亚大火死亡人数升至107人。🇾🇪也门媒体：沙特导弹和炮击巴克姆边境区人口稠密的村庄。安萨尔·阿拉：我们谴责巴基斯坦发生的两起犯罪爆炸事件，巴基斯坦政府必须为公民提供必要的保护。🇵🇸🇮🇱PIJ：我们对巴基斯坦的暴行表示不满和反对，并强烈谴责这些暴行。哈马斯以最强烈的措辞谴责了巴基斯坦两座清真寺的致命爆炸事件。犹太复国主义实体和平与经济政策失败。犹太复国主义实体试图恢复停职飞行员。被占领的土巴勒斯坦犹太复国主义者在耶路撒冷继续侵略。西岸的恐怖旅点燃了抵抗的导火索，打破了无敌军队的威望。犹太复国主义在西岸以犹太节日为借口的侵犯行为升级，加沙渔民遭到袭击。🇷🇸科索沃外交部：我们正在密切关注塞尔维亚军队向我们边界的移动，并呼吁塞尔维亚撤军。🇷🇺俄罗斯“艾哈迈德”部队指挥官宣布在顿巴斯推进。俄罗斯防空击落9枚乌克兰袭击别尔哥罗德省的“奥拉根”导弹。普京：俄罗斯将继续确保阿布哈兹确保国家安全。俄罗斯国防部宣布消灭数百名乌克兰军事人员，摧毁弹药库，击落25次无人机。俄罗斯国家安全委员会副主席梅德韦杰夫：军事行动仍在继续，直到基辅纳粹政权被消灭，俄罗斯将包括新的地区。83%的新区居民申请俄罗斯公民身份。梅德韦杰夫：我们的军事行动将继续，直到基辅的纳粹政权被彻底消灭。罗戈津：乌克兰军队在Energodar集结海军陆战队。俄防：击退了顿涅茨克方向的7次攻击，白天敌人伤亡430人。🇬🇧英国国防大臣：我们将根据与军方领导人讨论的计划在乌克兰部署军队。🇦🇲亚美尼亚总理：在离开卡拉巴赫省前往亚美尼亚的12万人中，约有10万人流离失所。🇺🇸美国众议院议长：众议院将就一项法案进行表决，为政府提供45天的资金，以避免停摆。美国议员：拜登更关心乌克兰的命运，而不是国家。特朗普攻击共和党对手。麦卡锡呼吁停止对乌克兰的援助以避免政府停摆。美国检察官指控前官员窃取特朗普纳税申报单。🇸🇾巴沙尔·阿萨德总统：外国干预和西方封锁加剧叙利亚危机。🇫🇷法国议会否决了新的不信任投票。🇸🇩苏丹军队和快速支援部队在喀土穆发生冲突和相互轰炸。🇱🇾救援组织记录利比亚海岸警卫队船只在利比亚海岸撞上移民。🇧🇫布基纳法索过渡总统：获得安全不是通过选举。,2023-10-01 23:04
2,2023年10月1号，国庆节今天在售楼部接待了一位外籍人士，一家三口，尝试用英文去表达怎样去卖房子。有点小紧张，毕竟不太流利，好像感受到了别人笑容都有那种嘲笑的感觉。有时候在想究竟为什么会这样呢？紧张个什么？像小时候想上台领奖却莫名其妙紧张得说不出话狂抓手指头。想不出一个单词用尽自己的脑细胞想出46级的英文单词，怕被人笑，哈哈，可有可无的自尊心。纠结自己的本事不够和想要的东西不匹配，或者消费观念经常冲突而导致的纠结。买了一个iwatchu2，大概几千块，符合我的审美，但戴了两天，把我的手压着骨头，现在手腕连续疼了半个月，不能提重物，不能去做运动，一块智能手表不能记录运动然后又被他弄伤，就感觉很郁闷。我总结为，我还是太穷，因为我既要它好看又要它符合我的功能性，我就不能为了它的好看而买单，为了穿衣服好看去买它吗？显然以我现在的消费水平完全不能够。正如我看到一件很普通的nike棉质运动长裤，要649，我又在想跟国内品牌99或者200块的有什么差别，但不是说Nike的材料有多好，只是因为它的版型更加好看而已。总有一种很拧巴不上不下的感觉在。我暂时还不能够为了纯粹的好看而为某些东西花大价钱。结合前面所说的接待外国人故事和自己的消费观，所以给自己定下了目标满足自己今年的三个愿望，最后一个被迫退了，或许把它买回来当美丽的废物，或许买一身喜欢的衣服。或者做一个自律牛牛，哈哈哈，管他呢，开心健康顺利就好。,2023-10-01 21:21
3,天天硬事3829期02外媒称美国与沙特的防务协议是与以色列挂钩，实质上是双方出卖以色列和巴勒斯来坦各取所需美国将彻底从全球霸权的神坛跌落中东局势沙特阿拉伯以色列巴以冲突这一世纪难题何解真的很博通LSuperMaruko的微博视频,2023-10-01 16:39
4,总体来说，人都是拧巴无助的，以至于说出一些看似合理但我确实不太明白的丧气话。我也拧巴内耗且倔，可终究理清楚一些信念。原本存在一些外求欲望，因此对于差异和冲突是不安的，试图寻求共识和统一。如今我打心里明白且尊重每种心理状态，各有各的疯批状态，都是生存之道。因此不管什么我都能停一停，观摩一观摩。然后呢？接着按信念走我的疯批之路，谁也管不了，也不用担心出错，反正宇宙没有正确答案。也欢迎旁的人围观，看一看，笑一笑，指点评论一番。人生不过如此。,2023-10-01 16:02
5,"超过100万亚美尼亚人现已逃离有争议的飞地纳戈尔诺-卡拉巴赫该飞地120万人口中的大部分现在已经离开。地方当局表示，截至周六，超过100万名亚美尼亚族难民逃离纳戈尔诺-卡拉巴赫，现在看来，几乎所有来自飞地的亚美尼亚人口都将离开，在阿塞拜疆得到土耳其支持后放弃家园上周通过军事攻势重新夺回该地区。大约85%的人口在不到一周的时间内逃离，亚美尼亚谴责这是“种族清洗”。周六观察到载有数千名无法自行通行的居民的疏散巴士前往亚美尼亚。一旦亚美尼亚人离开，阿塞拜疆军队可能会进入该地区的首都并庆祝他们的胜利。在阿塞拜疆周日开放离开飞地的唯一道路后，挤在汽车和卡车中的家庭，以及他们可以携带的任何物品，已经抵达亚美尼亚。那些逃离的人说，他们不愿意生活在阿塞拜疆的统治下，担心他们会面临迫害。“未来几天纳戈尔诺-卡拉巴赫将不再有亚美尼亚人，”亚美尼亚总理NikolPashinyan周四在电视转播的政府会议上表示。“这是种族清洗的直接行为，”他说，并补充说，谴责它的国际声明很重要，但没有具体行动，他们只是“为历史创造道德统计数据”。亚美尼亚人在纳戈尔诺-卡拉巴赫生活了几个世纪，但该飞地在国际上被公认为阿塞拜疆的一部分。自1980年代后期以来，它一直是阿塞拜疆和亚美尼亚之间血腥冲突的中心，当时这两个前苏联国家在苏联解体期间进行了一场战争。这场战争使亚美尼亚族分离主义分子控制了纳戈尔诺-卡拉巴赫的大部分地区，并看到数十万阿塞拜疆平民被驱逐出境。三十年来，一个未被承认的亚美尼亚国家，称为阿尔扎赫共和国，存在于飞地中，而解决冲突的国际外交努力却无果而终。但在2020年，阿塞拜疆重新开启冲突，决定性地击败了亚美尼亚，迫使其放弃对纳戈尔诺-卡拉巴赫的主张。俄罗斯斡旋休战并部署了维和部队，这些部队仍留在那里。上周，在封锁飞地9个月后，阿塞拜疆发动了新的军事攻势，以完成对亚美尼亚族当局的失败，迫使他们在短短两天内投降。亚美尼亚族未被承认的国家阿尔扎赫共和国的领导人周四宣布解散，称它将在年底前“不复存在”。阿塞拜疆独裁总统伊利哈姆阿利耶夫声称卡拉巴赫亚美尼亚人的权利将受到保护，但他此前曾宣扬民族主义叙事，否认亚美尼亚人在该地区有着悠久的历史。在2020年被他的部队重新占领的地区，一些亚美尼亚文化遗址遭到破坏和污损。一些在1990年代战争期间被赶出家园的阿塞拜疆人已经返回了自2020年以来被阿塞拜疆重新占领的地区。据俄罗斯国家通讯社塔斯社报道，阿利耶夫周四表示，到2023年底，将有5,500名流离失所的阿塞拜疆人返回他们在纳戈尔诺-卡拉巴赫的家园。阿塞拜疆周四拘留了另一名前卡拉巴赫亚美尼亚高级官员，因为他试图与其他难民一起离开飞地。阿塞拜疆安全部门拘留了LevonMnatsakanyan，他在2015年至2018年期间担任亚美尼亚分离主义武装部队的指挥官。本周早些时候，阿塞拜疆逮捕了未被承认的国家的前领导人鲁本·瓦尔达尼扬，将他带到巴库并指控他犯有恐怖主义罪。",2023-10-01 09:40
6,上次输球后和懂球帝的很多球迷吵了一架，很有意思，虽然确实也几乎是浪费时间，暂时也估计没兴趣吵了，但是很多情况很有意思。一些人迷对我上来的攻击理由是：你这样搅起舆论不是给别人递刀子吗？还看见几个博主有这样的观点，不够“积极”的言论不适合甚至不应该发表，还有些“丢人”。这些是有些无聊的，因为喜欢和支持是分人的，有些人认为好的情况的时候可以不遗余力地赞扬，甚至不惜夸张，而在困境时容不下一丁点质疑和反对，把个人变成单向的支持机器。一个例子也很经典，穆在回忆波尔图时期提到过，球迷支持球队，“汗水浸透球衣”的态度很重要，通过球场上的表现和态度来换取球迷的支持，这是我一直比较喜欢的观点。对球队、对人的支持都是如此，看得见球迷想要的东西的时候会让人不断坚定，看不见的时候，球迷一方面会消耗着过往的积攒，一方面继续在这种消耗期里坚持着，直到一个临界点的到来，对我自己而言上次看完直播后就有些混沌了。临界点的到来不一定代表着就要反转，大部分情况下都只是一种情绪的释放，发泄后自我充能，继续支持，当然也有人会选择多线支持，这个在网络球迷时代越来越常见，很多人支持多个球队，包括俱乐部和国家队，通过彼此的情绪摄取平衡来完成自我的情绪稳定。我对盲目地相信和支持没什么意见，都是个人的选择，人人也有自己的理由，但否定他人的情绪代入，并且坚决地否定自己不支持的言论，就有些无聊了，当然纯粹的人身攻击和侮辱性的言论另当别论，这些属于越界的出格。球迷本身是人，在合理的范围内质疑和否定，和支持理应共存，并且都是可以讨论的范围。以博取流量和找存在感这些观点是更无聊的，困难时期的流量就是罪恶不堪，顺利时期的流量就是理应的分餐，这种倒置的分析确实没意思。关于影响舆论的事情，我一向不太在乎。无论“好”的还是“不好”的，大部分能够影响的人都是已经预设好的立场里去寻找自己喜欢的东西。理性的讨论在跨群体的前提下几乎是很少被接受的，当然是否有必要支持是另一个问题，但在这种情况下，讨论“坏”的言论会影响舆论，无论是否涉及事实，是否是可以讨论的内容都不在乎，那就是更为立场化的言论了，堵嘴本身也没有说服力。穆在皇马时期，因为和巴萨的争端球迷代入，很多人甚至直到现在依旧对巴萨球员和梅西、瓜不抱好感。而改观的那一部分里，一方面有自我的选择，一方面也有穆本人在离开皇马后以及就职之前里的发言里很多对梅西的肯定，后者的影响并不少，而且还有反向的积攒了很多梅西球迷的好感。但最关键的就是，如果没有这个前提，单靠个人的选择在人迷里做出改变，大部分情况下会被认为是割裂的，不可理解的，甚至还会被怀疑人迷的“纯度”，理解为串子，这同样也是立场化的吞噬。如果没有穆一次次提及安切洛蒂和执教罗马，将这些事情掩藏在真实世界里不太多向媒体报道，我丝毫不怀疑很多人迷会疯狂在两个人谁更优秀里争论不休并且互相否定，而和孔蒂的关系如果在未来的某个时间里有穆的言论来反转，以前的很多“舆论”也会随之反转，所以我不觉得粉丝和大v们的观点能够逆转穆本人的言论和球队成绩表现带来的影响、制造的舆论趋势。包括迪巴拉的存在，也让很多阿根廷球迷对穆有了好感和反转，这些都是在立场的前提里有所改观，不是说球迷博主的观点造不成这些影响，而是这种影响的区别实在悬殊。所以说回来，担心一两个球迷的观点不好，不够积极就没“必要”发，还是太自我了，只要是就事论事，不带过多的情绪化攻击和扣帽子，事情都好说好办。在这个理解的前提下，对那些立场不同来盲目否定的人里，我大都没太多的意见。罗马上赛季赢了药厂之后，德国名宿们的抱怨不断，说打法是反足球的都存在着。但在现在的德国队，在欧洲杯如若以功利主义足球能取得合理的成绩，他们可能很难以同样的理由反对纳子，所以即使是自以为理性的讨论，在立场之外很少能有跳出身份理解的情况。当然，舆论的改善也和自媒体生长和球迷个体的筛选力有所上升有关，可以接触到更全面的言论和更完整的事件，可能这也是很多球迷逐渐对德比和宿敌不敏感不感冒的原因之一。在讨论里拒绝纯粹的人身攻击和侮辱言论的前提里，我还是觉得合理的“负面”“否定”讨论是可以出现的，情绪的适当发泄也是可以理解包容的，这与支持不支持罗马、穆里尼奥不冲突。而至于为什么单提穆里尼奥，不提别人，我只想说，正因为我是人迷，所以对他的期待更高，其他人我不会对他们有这么高的期待。就像克里斯滕森的表现，我很难不切实际地对他有特别高的期待，甚至很难要求他有斯皮这种级别的表现，那么在这个时候否定选人的决策就可以被理解。但很有意思的是，我遇到的很多情况下的争吵，往往反而是忽略这些引起大家情绪波动和破防的细节堆积的，只是从否定舆论是否应该发表，这些情况被自然的忽略。从上场比赛结束后的即时状态来说，在情绪发泄里涉及下课，没有问题，但目前来说，是否坚定地要支持穆下课，我抱中立态度，目前只要还在任就支持他在任。而这种状态的来由，可能正是因为罗马的球迷情况，让我可以有更多的机会脱离纯粹的人迷立场，因为按后者来说，我可以将场上的所有问题都归咎于引援不力和球员态度问题，选择性地忽略教练个人的责任大小与选择问题。别人怎么喜欢我不在乎，但对我来说，穆在我这里是可以犯错的，可以提出来，可以否定的，这些不影响我支持喜欢他，也不影响我质疑和反对一些他的选择和言论，就比如在皇马的成就和比拉诺瓦事件，各有各的定性和评价。多一些跳出立场的包容，多一些对情绪发泄的理解，当然，这两句话先给我自己说，希望我自己先做到。,2023-10-01 09:19
7,🔺以色列要求加沙北部人前往的南部“安全区”汗尤尼斯。🔺但是对南部汗尤尼斯、拉法等地的空袭其实没有停过。🔺viaqudsnews巴以冲突以色列要求古特雷斯辞职,2023-10-25 17:26
8,对被抓获的哈马斯恐怖分子进行审问。恐怖分子自己都承认，他们知道以色列绝不会去炸医院，所以更肆无忌惮的利用医院作为指挥中心及储存、运送物资的重点场所。L以色列驻成都总领事馆的微博视频,2023-10-30 15:58
9,扬州市长书记人民政府扬州市中级法院包庇村霸的保护伞扬州法院法官伪造证据扬州人民盼红军锄奸两干部流出不雅视频被停职扬州新闻扬州市长洁柔直播间输错价格亏损千万」「扬州市中级法院包庇村霸的保护伞」「扬州的保护伞是合法的」「扬州市邗江区农业农村局长房惠柏》O网页链接,2023-10-08 06:00
10,扬州市长书记人民政府扬州市中级法院包庇村霸的保护伞扬州法院法官伪造证据扬州人民盼红军锄奸两干部流出不雅视频被停职扬州新闻扬州市长洁柔直播间输错价格亏损千万」「扬州市中级法院包庇村霸的保护伞」「扬州的保护伞是合法的」「扬州市邗江区农业农村局长房惠柏保护伞是合法的」「扬州旅游」「扬州新闻」「微博」「法官说法」「扬州新闻」扬州市邗江区农业农村局长房惠柏保护伞是合法的20》O网页链接》O网页链接n/A6OeL9PW,2023-10-08 05:45
11,@扬州市长扬州市中级法院包庇村霸的保护伞扬州法院法官伪造证据扬州人民盼红军锄奸「扬州的保护伞是合法的」「扬州市邗江区农业农村局长房惠柏保护伞是合法的」「扬州旅游」「扬州新闻」「微博」「法官说法」「扬州新闻」扬州市邗江区农业农村局长房惠柏保护伞是合法的2020年11月》网页链接》@扬州市长「扬州的保护伞是合法的」「扬州市》网页链接》》O网页链接,2023-10-08 05:28
12,扬州市长书记人民政府扬州市邗江区长书记政府王庆伟被告邗江区长王庆伟被告方巷镇长曹明明被告扬州市邗江区农业农村局长房惠柏村霸保护伞是合法的《顶起来，曝光扬州》O网页链接,2023-10-13 18:25
13,扬州市邗江区长书记政府王庆伟被告扬州市长书记人民政府扬州市政府邗江区长王庆伟被告方巷镇长曹明明被告扬州市邗江区农业农村局长房惠柏村霸保护伞是合法的《顶起来，曝光扬州市副》》http》ht》O网页链接,2023-10-08 03:49
14,「扬州市长书记人民政府」「扬州市中级法院包庇村霸的保护伞」「医药反腐风暴来袭」「西安巨响」「许家印」「扬州新闻」网页链接扬州市长洁柔直播间输错价格亏损千万」「扬州市中级法院包庇村霸的保护伞」「扬州的保护伞是合法的」「扬州市邗江区农业农》网页链接》「扬州市长书记人民政府」「,2023-10-14 16:56
15,扬州市邗江区长书记政府王庆伟被告方巷镇长曹明明被告扬州市邗江区长书记方巷镇长村霸扬州市长书记人民政府医药反腐风暴来袭邗江区长王庆伟被告扬州新闻扬州大学遇见美好鹿晗L明镜十高悬的微博视频,2023-08-21 18:52
16,【中方呼吁巴以冲突方立即实现人道休战】当地时间30日下午，联合国安理会应中国和阿联酋的要求召开巴以局势紧急公开会。会上，中方对巴以冲突提出4个郑重呼吁：①中方郑重呼吁冲突方停止一切敌对行动，立即脱离接触，实现人道休战，全力防止局势进一步升级。②中方郑重呼吁以色列作为占领方履行国际人道法义务，解除对加沙的全面封锁，立即撤销紧急疏散令，尽快恢复基本生存物资供应，防止更大规模人道灾难。③中方郑重呼吁加大外交努力，推动被扣押人员尽快获释，并争取由此开辟对话空间，让危机重回政治解决轨道。④中方郑重呼吁对当事方有独特影响的大国，摒弃自身私利和地缘政治考量，为制止战争、恢复和平作出一切努力。中国常驻联合国代表张军表示，如果没有全面停火，再多的人道援助都是杯水车薪。“加沙民众需要的，不只是安理会重申国际人道法的重要性，重复无法兑现的保护承诺，而是恢复和平、维护法治、拯救生命的切实行动。”“此时此刻，沉默意味着默许，不作为无异于开绿灯。全世界的目光正望向这里，历史将记录我们的选择。”@CCTV国际时讯LCCTV国际时讯的微博视频,2023-10-31 11:14
17,毽客视线哈🐴斯高层住在卡塔尔，每月从🇮🇷领取2千万美津的生活费，过着穷奢极欲的上流社会生活。每隔一段时间，就要打电话给加沙的哈🐴斯底层屌丝，干一票，刷业绩。加沙地带300万人，不种地，不做工，高楼林立，生活富裕。由🇮🇱无偿供水供电，每月领取800美津的生活费。折合软妹币5800多元，比印度6亿农村和8亿城镇居民平均收入高。统计数据2022年城镇居民平均工资5千多元，低于哈🐴斯。并且哈🐴斯小孩一出生就可以领800美金，所以他们拼命繁殖，300万人口有一半是儿童。他们拿钱只做三件事:生娃，买武器，图啥犹太人。还有卖惨博同情。巴以冲突L毽客逆风飞扬的微博视频,2023-10-24 07:47
18,扬州市邗江区长书记政府王庆伟被告方巷镇长曹明明被告邗江区长王庆伟被告扬州市邗江区长书记方巷镇长村霸扬州新闻扬州市长书记人民政府扬州医药反腐风暴来袭医药反腐鹿晗王源央视七夕晚会扬州大学O网页链接L明镜十高悬的微博视频,2023-09-04 06:48
19,扬州市邗江区长书记政府王庆伟被告方巷镇长曹明明被告邗江区长王庆伟被告扬州市邗江区长书记方巷镇长村霸扬州新闻扬州市长书记人民政府扬州医药反腐鹿晗王源央视七夕晚会扬州大学李佳琦哭着道歉O网页链接L明镜十高悬的微博视频,2023-09-17 22:59
20,巴勒斯坦驻华大使：“你不懂这种痛苦，因为你出生在自由独立的国家”。L台湾那点事儿的微博视频,2023-10-28 20:29
21,张作霖是军阀，杜月笙最多算个黑社会！小混混和军队怎么比？,2023-10-19 08:50
22,【以色列不少农田已成军事集结点】当地时间20日，总台记者在巴以冲突前线观察到，以色列不少农田已变成军事集结点，以军还在持续向前线运送武器装备，以色列推土机装特殊装甲抵御火箭弹。外界担忧，一旦以色列开始大规模地面军事打击行动，加沙地带的人道主义危机形势将会更加严重。（总台记者陈慧慧姚书博）L央视新闻的微博视频,2023-10-20 22:55
23,巴以冲突(上)|【双视角】一口气看完巴勒斯坦、以色列千年简史|整理巴以冲突渊源L青蛙刀圣1993的微博视频,2021-06-16 18:00
24,最近没人再阴阳什么“战狼外交”了吧？我们有理有节的维权都叫战狼的话，以色列一言不合就要求联合国秘书长辞职，这算什么？疯狗外交？以色列代表要求联合国秘书长不道歉便辞职,2023-10-26 08:26
25,秦川雁塔：从阿以冲突到巴以冲突L文学书单君的微博视频,2023-10-28 11:35
26,以色列炮轰埃及，一国打四国！巴以冲突升级新闻L海燕看天下的微博视频,2023-10-24 17:10
27,愿战争早日结束🙏🙏🙏L做个是非分明的人的微博视频,2023-10-29 14:31
28,加沙受伤的儿童伤心的哭了。L西江月如烟的微博视频,2023-10-30 18:04
29,15年前，俄罗斯对格鲁吉亚的血腥战争震惊了世界。侵略国仍占领格鲁吉亚20%的领土。俄罗斯并没有改变它的习惯。这一次是乌克兰。格鲁吉亚乌克兰俄罗斯乌克兰战争俄乌战争俄罗斯乌克兰,2023-08-09 22:34
30,城市战科教片：叙利亚耶尔穆克巴勒斯坦难民营之战俄罗斯安娜新闻通讯社拍摄片长15分钟在哈尔琴科带领下的安娜社摄制组，记录了这场2018年4月19日开始的战役，本视频为其中片段，相当精彩。视频中的叙利亚政府军应该是第四装甲师42旅。内行看门道，外行看热闹。看完的，门道热闹都说说吧L地球镜头A的微博视频,2021-04-25 12:33
31,巴以局势观察解读巴以冲突哈马斯发言人等60多人被以色列逮捕约旦河西岸地区是否会爆发和以色列的正面冲突？L李绍先观察的微博视频,2023-10-21 15:53
32,来听听石老师聊以色列，巴勒斯坦…..L安吉的小七的微博视频,2023-10-29 10:13
33,朱巴之战，安娜社叙战经典科教片节选城市巷战中坦克的运用与战术2013年8月，大马士革朱巴地区的战斗客观的说，叙利亚军队在叙战初期大马士革地区的城市作战中展现出来的战术战法，要比第一次车臣战争中俄军在格罗兹尼的表现要好得多。机翻字幕，能大概看懂。制作：安娜新闻社叙利亚拍摄团队----安德烈·菲拉托夫，瓦西里·帕夫洛夫，伊戈尔·纳德辛，维克多·库兹涅佐夫L地球镜头A的微博视频,2021-04-11 18:18
34,"在过去的1,400年里，我们见证了一些文化的发展。",2023-10-24 16:38
35,我们在北京以色列驻华大使馆点亮我们的国旗。为了我们的人民。为了我们所爱的人。🇮🇱以色列,2023-10-09 21:16
36,【致@法国驻华大使馆】这大使没学过国际史吧！不说历史上法国对亚非多少国家进行过殖民侵略？杀了多少无辜民众？就说最近几十年跟着美国这个恶棍，侵略伊拉克、阿富汗、利比亚、南联盟……对了，北约轰炸中国驻南联盟大使馆这笔血债，有法国的事吧？血债终要血来偿！请恭候着！,2022-11-22 22:58
37,昨晚在群里的一个小八卦。某47岁的大姐姐，杭州土著，自己大单位普通员，中产家庭的独生女，单身（从未结婚），目前处于积极结婚成家状态中。择偶要求中，除了有房有车有稳定工作这些基本条件以外，还有一个硬条件：最好未婚未育，如果是离异，必须没有孩子，她准备自己生孩子的。你们听着是不是觉得压根就不可能有这样的男的对不对，嘿，前几年还真给人找到了这么一个，有房有车未婚未育的公务员，人比较木讷，不抽烟不喝酒唯一爱好就是打麻将，大姐相处了一段时间觉得不合适，理由是对方没情趣。结果几年过去了，大姐姐看来看去发现还是这个好，托人带话想继续谈谈，然后就是没有然后了。目前全家人还在各种积极寻找合适的人选中。尊重每个人的坚持，但是我有一说一，现在这个年代，离婚也不是什么大不了的事情了，事实上，在目前的婚恋市场上，条件好的离异男，非常抢手，切不可因自己的一些执念，把自己的路走窄了。,2023-10-29 19:50
38,巴西开始防范日本移民，担忧引发类似巴以冲突那样的后果，不过日本人在巴西已有200万，买下的土地占巴西八分之一，恐怕已经晚了巴以冲突超5800人死亡L柏铭007的微博视频,2023-10-23 12:58
39,有一個為什麼-為什麼香港地區叫以巴衝突而大陸叫巴以衝突🤔️,2023-10-15 12:12
40,7年前的新闻……殖人傻事殖人迷惑行为,2023-10-23 23:26
41,站在文明世界一边？资本主义文明，从诞生之日起，就是带着原罪的。只是经过几百年的发展，那些手上沾满鲜血的强盗和资本家的后代们，换上了新衣，做起了新买卖，然后就开始以秩序维护者的身份来强调所谓的文明了。要求大家顺服西方人主导的不公正的世界秩序。这所谓的文明，其实不过是系统性野蛮的遮羞布罢了。马克思才是代表着西方世界的良心，所以毫不留情地指认了这种文明的嗜血本性。,2023-10-11 14:43
42,分享视频L扬州星空古时月2020的微博视频,2022-09-17 08:40
43,地图对比加沙有多惨地图对比：加沙被摧毁的有多严重？巴以冲突加沙地带L三维地图看世界的微博视频,2023-10-27 18:20
44,巴以冲突，石老师的这个角度很另类啊。L李铁柱之冠的微博视频,2023-10-20 08:35
45,焦点直击钟楚曦否认出轨日出东方红胜火：————歪果仁看中国神话！！！L醍醐正能量的微博视频,2023-10-27 10:39
46,【全能猪宝宝】这头猪太神奇啦！简直就是是狗和牛的结合体。它不仅像狗一样乖巧听话会看家护院，还能够像牛一样耕田犁地。看了这个视频，你还说猪笨吗？L津门玄竹的微博视频,2023-10-31 16:39
47,:微博爆料举报@东莞自然资源广东省东莞市横沥镇田饶步244号个人违法占地己时隔4年，占地8亩左右违反规划建多个铁皮厂房，己成窝案，@东莞城管仍以历史遗精为错口，违法未解除未合法下仍在居民居住的地方经营工厂，@东莞生态环境特办不需要环评，新的新噪声污染防治法没用，违法建筑又怎样过消防，一切保护伞杰作。@生态环境部@东莞检察@广东政法“苍蝇”虽小，但直面群众。与老百姓打交道时间最多，频率最高的，就是基层干部队伍。基层干部队伍的腐败正是群众身边的腐败，直接侵害到群众个人利益美丽居住环境@央广网@新华网@长安街知事,2022-10-23 09:55
48,我发表了头条文章:《12345不能变成浪费国家财政的部门》O12345不能变成浪费国家财政的部门,2023-08-26 02:04
49,佛州州长德桑蒂斯称中国是“俄乌冲突”和“巴以冲突”幕后要角，“中国维持了伊朗与俄罗斯的经济运转”L香港衛視HKS的微博视频,2023-10-29 23:01
50,B21B2轰炸机拉出来溜溜！美国新一代B21轰炸机首次公开L半只狐貍的微博视频,2022-12-03 10:05
51,【自制翻译】这是目前看到关于巴以冲突最好的演讲，掷地有声，字字珠玑。个人纯手打翻译，如有不对之处还请各位指正。巴以冲突巴勒斯坦以色列加沙L咕咕的嘀嘀咕咕的微博视频,2023-10-23 08:56
52,巴以冲突已经超过半个月，来回顾一下冲突当天我的预言，准不准？当天全是说以色列被虐的，是不是该出来认个错？你们是为以色列惨无人道炸加沙作舆论铺垫吧还要出个考题，谁还记得我第一段说的这次冲突的直接导火索？,2023-10-27 12:33
53,郑爽被判赔偿投资方6000万元.天外之音焦点直击亚运在身边兔子急了会咬人的！！！L微博动漫社的微博视频,2023-09-26 21:56
54,巴勒斯坦人的一生，命运的循环，希望世界和平～🙏加沙以军宣布扩大在加沙的地面行动规模巴以冲突L医疗音乐手绘君的微博视频,2023-10-28 08:31
55,这张地图是《国家地理》杂志于1947年发行，即犹太锡安主义者侵略巴勒斯坦之前一年，当时还没有“以色列”这样的东西。,2023-10-31 14:56
56,中方的发问振聋发聩：巴勒斯坦人的生存谁来关心？L伊朗驻华大使馆的微博视频,2023-10-14 13:17
57,70多年前，我们也有很多这样的“侯君”。,2023-10-18 19:36
58,扬州市中级法院包庇村霸的保护伞@扬州市长扬州市长书记人民政府扬州市中级法院包庇村霸的保护伞央视七夕晚会洁柔直播间输错价格亏损千万西安巨响「扬州的保》O网页链接,2023-10-02 05:14
59,第74届红白歌会主持人：有吉弘行、桥本环奈、滨边美波、高濑耕造今年的主题是：无边界(borderless)-超越连接的大年夜-2023年，随着新型冠状病毒的5类转移，没有限制的日常生活到来，与海外的交流也在恢复活力。娱乐和体育世界的繁盛让我们充满活力。但是另一方面，俄乌局势无法收敛，接连发生的自然灾害等，我们仍然生活在一个忐忑不安的时代。正因为是那样的“现在”，所以用“音乐的力量”可以做的事情...跨越国家、语言、世代，以“无边界”连接人与人共享感情。音乐中有那种力量。今年在红白传来的歌曲，一定会激励大家，给离开的家人带来安慰，让尚未见过的海外朋友微笑。电视播放开始70年，里程碑之年的除夕。为您带来最棒最幸运的现场娱乐！,2023-10-06 16:16
60,【钩沉】秦晖：阿以冲突的由来O秦晖：阿以冲突的由来,2023-10-15 15:31
61,分享视频L小风345的微博视频,2023-10-09 00:14
62,刷了好多条以色列和巴勒斯坦的战争新闻，想起大学时看的电影《辛特勒的名单》，此次的战争和我电影中看到的有天壤之别，恍惚间觉得电影存在美化之疑，特意搜了一下导演还真是犹太人，呵，时过境迁电影的讽刺意味也拉满了以色列巴勒斯坦冲突巴勒斯坦母亲吻别死去孩子,2023-10-28 10:16
63,突袭成都大运会运动员餐厅！主厨亲自做菜给我吃？我的大运故事第三只眼看中国L高佑思不是皮克的微博视频,2023-07-20 18:00
64,一早起来看到这则寒心的新闻，真希望咱们的世界能和平点,2015-11-14 11:05
65,以色列要求古特雷斯辞职一个被以军炸得遍体鳞伤的巴勒斯坦婴儿，浑身颤抖，面部惨不忍睹。。。L上帝之鹰_5zn的微博视频,2023-10-25 12:47
66,北极鲶鱼哪来的安全感官方通报北极鲶鱼事件犹太人的前世今生：————可怜之人必有可恨之处！！！L小朱观地球的微博视频L华俊竹de微博的微博视频,2023-10-11 17:09
67,焦点直击中方就巴以冲突表态一切反动派都是纸老虎！！！,2023-10-08 18:53
68,扬州市长书记人民政府扬州市邗江区长书记政府王庆伟被告邗江区长王庆伟被告方巷镇长曹明明被告扬州市邗江区农业农村局长房惠柏村霸保护伞是合法的《顶起来，曝光扬州市副》》http》ht》O网页链接,2023-10-07 05:50
69,扬州市中级法院包庇村霸的保护伞扬州法院法官伪造证据扬州人民盼红军锄奸张泽群山东潍坊村干部原视频西安巨响许家印医药反腐风暴来袭姚瑶自首了扬州新闻《扬州市长书记」「扬州村霸的保护伞是合法的」「扬州市邗江区农业农村局长房惠柏保护伞是合法的」「扬州」「扬州》O网页链接,2023-10-09 02:15
70,扬州市中级法院包庇村霸的保护伞扬州市长书记人民政府扬州法院法官伪造证据扬州人民盼红军锄奸张泽群西安巨响许家印医药反腐风暴来袭山东潍坊村干部原视频姚瑶自首了扬州新闻《扬州市长书记」「扬州村霸的保护伞是合法的」「扬州市邗江区农业农村局长房惠柏保护伞是合法的」「扬州」「扬州》O网页链接,2023-10-09 02:27
71,扬州市中级法院包庇村霸的保护伞扬州市长书记人民政府洁柔直播间输错价格亏损千万医药反腐风暴来袭许家印扬州新闻《扬州市长书记」「扬州村霸的保护伞是合法的」「扬州市邗江区农业农村局长房惠柏保护伞是合法的」「扬州」「扬州身边事」网页链接网页链接《@扬州市中级人民法院「扬州的保护伞是合法的」「扬州》O网页链接,2023-09-29 06:04
72,最全分析：哈马斯袭击是以色列的苦肉计，为打着反恐的旗号进一步欺压巴勒斯坦人？犹太财团出版了夹带私货的圣经，诱骗了不少新教徒支持犹太复国主义，甚至影响美国中东政策。全文：首先，以色列拥有全世界最精良的情报部门之一。在巴勒斯坦激进组织内、黎巴嫩和叙利亚等地方都有线人特工。可这次袭击竟是埃及政府提前3天警告过以方的！却被完全忽略。大名鼎鼎的摩萨德竟毫无预警，美国中情局CIA也自称全无知觉哈马斯袭击准备了1年多，且演习地点距以重兵布防的边界竟不到1英里。袭击前几周，哈马斯还发布了作战演习视频，比如用滑翔伞飞跃以军防线，见图1BBC国家安全记者加德纳也称此次情报失败令人震惊！第二，即便情报预警真是恰好失败，哈马斯如此轻易突破以防线也令人难以置信图2为以军加沙地带的边境的森严部署。100-300米的缓冲区（只许获批的务农人员靠近）、100米以内是无人区、配备摄像头和雷达的哨塔、围栏、深深嵌入地面的金属墙、配备众多传感器、金属墙与无线控制的武器系统相连、配备摄像头的哨塔袭击发生时，高达80%本应在加沙地警戒的以军竟都不在场。在各种精密摄像头和传感器的监控下，沿着围栏移动的猫，都会引起部队的警觉，怎么几百名哈马斯武装分子开着推土机却长驱直入？这一切和以军防御系统的一贯表现非常违和连哈马斯也对以方的门户大开感到震惊。被俘的哈马斯人员说，突破以军屏障后，他们很惊讶并没有以军迎击他们以军是全球最高科技的部队、反恐经验丰富、财力雄厚，竟无力阻止最多仅1000人的哈马斯部队闯过边境大开杀戒？自以建国以来，美国已向其提供了高达1580亿美元军事援助。可袭击发生后，加沙地带的人们被困在避难所里，很多个小时都无任何援助，以军无所作为，警察也不在场许多以军退役老兵说，哈马斯这次袭击，以军不可能事先不知情，甚至在配合哈马斯故意放水。以军有成熟的快速反应和营救方案，哈马斯能如此大开杀戒，极其反常，见图3第三、近年来，以色列社会动荡，各城市爆发了声势浩大的游行不断，抗议内塔尼亚胡总统的“司法改革”，它被视为会削弱以色列最高法院的制衡作用这次恐袭或是犹太精英的一箭双雕。既转移国内矛盾，让大家同仇敌忾，一致对外，又敲打不服从的国民，“若老是闹腾不就范，就不能保证你们的安全“。同时，也有了最好的理由，以保护平民为名，大举进攻加沙，扩大版图以国防部长对有200万人口的加沙全面断电、断粮、断水，还说“在与人形动物作战”。200万人都是动物吗？那里的妇女儿童，难道都是动物？了解犹太法利赛信仰就知道，它对生命有深深的蔑视以色列首席大拉比，奥瓦迪亚·尤塞夫OvadiaYosef是最德高望重的拉比之一，很多政要都是他的铁粉，包括现总理内塔尼亚胡，见图4他说非犹太人活着就该伺候犹太人，还说在安息日时遇到非犹太人生命垂危，不应去营救，因为只有在安息日营救犹太人才不会违背犹太律法他还说犹太大屠杀的600万受害者是罪人灵魂的转世，他们犯了罪，转世是为了赎罪，图5可见，犹太精英不仅视非犹的命如草芥，也视犹太大众的命为草芥大拉比只是在忠实的传递法利赛教的教导而已。《塔木德》Talmud在今天的犹太教徒中地位崇高，可这个所谓的圣书，竟认为非犹不算人，犹太人谋杀了非犹也不用偿命，见图6今天的犹太人，表面上最重圣经，但解读起来都是透过《塔木德》。可是，英美不少新教徒却对以色列复国热心异常，把一个犹太政治工程，当成了他们信仰的一部分他们难道已经忘记把耶稣基督送上十字架的，就是犹太法利赛人？公元1世纪，法利赛人无法忍受耶稣挑战他们的宗教民族主义和揭露伪善和腐败，借罗马人的手杀害了他，今天的犹太精英就是他们的精神后代许多新教徒不知道，在《塔木德》的Gittin.57a.3-4中，明确说耶稣死后在阴间被放在“沸腾的粪便中”boilingexcrement接受惩罚，见图7《塔木德》还称耶稣是行邪术的假先知，说他是玛利亚和罗马士兵的私生子。基督徒所笃信的，犹太法利赛人唾弃为粪土，但嘴上不说，好让许多基督徒继续为他们赴汤蹈火 宗教改革不久后，支持犹太人复国的观点就有发展。1907年，犹太资本借牛津大学出版了司可福圣经ScofieldBible，植入不少私货，说基督徒都要支持以色列复国，这邪说是传统正统教会没有的，传统教会反而处处防备犹太人渗透社会，不是反犹，而是清楚犹太人的渗透和控制倾向司可福圣经背后是众多的犹太大亨，包括希夫、冈珀斯、拉瓜迪亚、斯特劳斯、巴鲁克，他们是犹太银行家、企业家、政治家、社会活动家和哲学家，见图8以色列能复国，很大程度上是攀附了英美势力。1917年英国政府发布了《贝尔福宣言》公开支持犹太复国主义。信是写给罗斯柴尔德家族第二代男爵沃尔特·罗斯柴尔德的。罗氏家族几代人致力于犹太复国运动，见图9犹太宗教民族主义和纳粹主义，正在成为一枚硬币的正反面哈马斯释放两名以色列女性并赠送零食饮料哈马斯袭击是以色列的苦肉计犹太人,2023-10-24 21:34
73,"巴以冲突加沙210万人口平均年龄19岁，妇女儿童占绝大多数。加沙地区人口年龄结构0-14岁:42.53%(男性418,751/女性397,013)15-24岁:21.67%(男性210,240/女性205,385)25-54岁:29.47%(男性275,976/女性289,277)55-64岁:3.66%(男性36,409/女性33,731)65岁及以上:2.68%(男性27248/女性24191)我们对比一下:0-14岁人口占比，加沙42.53%，以色列26.76%，中国17.29%。灾难持续了近八十年，许多巴勒斯坦人根本没有机会变老，频繁冲突和不堪重负的医疗体系，让他们早早离世。谁能想到这已经是2023年的人世间。为加沙的孩子们祝福，为中东百姓祈祷。普京称巴以冲突不要卷入妇女儿童巴以冲突已致加沙地带超1300名儿童死亡巴以冲突已致超4900人死亡感谢何老师整理数据。",2023-10-22 12:16
74,扬州市中级法院包庇村霸的保护伞扬州人民盼红军锄奸@扬州市长扬州市长书记人民政府央视七夕晚会洁柔直播间输错价格亏损千万巴勒斯坦以色列两干部流出不雅视频被停职「扬州的保护伞是合法的」》O网页链接,2023-10-13 17:20
75,扬州市邗江区长书记人民政府王庆伟被告方巷镇长曹明明被告邗江区长王庆伟被告扬州市邗江区长书记方巷镇长村霸扬州人民盼红军锄奸巴勒斯坦巴以冲突升级以色列拉布拉多扬州新闻扬州,2023-10-16 22:07
76,巴以问题巴以最大的问题是分隔解决巴以问题最好的方法是融合二战后美苏英三国推动联大通过巴勒斯坦分治决议从那时起罪恶的种子就已经种下什么时候犹太人和阿拉伯人像我们中国的汉族和五胡六夷融合成一个伟大的华夏民族什么时候巴以问题才会真正解决,2023-10-19 07:53
77,非法是固执的，傲慢的，蒙蔽的，被旧有的正法以及业力誓言束缚的，当正法过时不能再创造世界的福祉再行驶这样的正法即为非法末法，只有毁灭才能重新建立新的文明秩序，而毁灭就是战争，摧毁一切旧有的人，事，物，然而仍然愚昧的有为履行职责“正法正念”束缚的到死都不明正法的可歌可泣悲壮不屈的“英雄”，双方都以“违背正法”为由爱和平，却穷兵黩武，不愿放下武器和观念的僵持。因果的因果背后的真理，真相，正法，因缘，那是至高我的源头上梵。唯有战争毁灭摧毁非法，这场战争，明白正法后，以死从非法中解脱出来，敌我双方都是双胜的，脱离肉身在世间的身份，职责的束缚，这是一场属于正法灵魂的战争，我们不需重回繁荣盛世的大唐，我们需要的是周朝，我们需要的不是武则天，而是姜子牙驱邪归正的周文王，君权神搜的万国大同的万王之王，万教之主！一直多年以来，我们都在追求屈使在物质财富与生存之下，隐匿了自己的梵我，真我，这次的战争看似摧毁城市经带，终结物质文明，这惨不忍睹的毁灭是人类自己玩坏的，而重建的文明是神和正法信使们创造的，以摧毁得重建，以死亡为解脱，世间的一切没有一样是永恒的，唯有梵我永恒灵魂才能得到救赎！通向真理的途径有负面手段也是正法，即使正面的手段用来捍卫非法即为非法，这理拉剧集，这真理，真相，因缘只有源头至高梵懂得，天铸大局，早已注定。真正的超度不是以哪一教，哪一派，哪一师，也不是拘泥哪一教派崇拜的形式，更不是以优越的物质条件的供养，宇宙大自然无私成私，无限施与，最好的供养是布施给需要的人，让世界福祉的能量平衡，超度是自我灵魂的革命，真正的超度是明悟真理，履行正法，无私境界的升华。,2023-05-23 12:27
78,【体操冠军梦，多尔戈皮亚特男子自由体操封王，肖若腾摘铜】东京奥运会体操项目男子自由体操展开决赛的较量。来自🇮🇱以色列的多尔戈皮亚特凭借一套完美的动作，将金牌收入囊中。代表🇪🇸西班牙出战的拉伊德莱·萨帕塔以难度分的劣势，位居第二。入围决赛的唯一🇨🇳中国选手肖若腾@肖若腾vegeta凭借全场最高的完成分排名第三，为中国代表队添得一枚铜牌。比赛最终结果如下：🥇冠军：🇮🇱阿尔特姆·多尔戈皮亚特14.933🥈亚军：🇪🇸拉伊德莱·萨帕塔14.933🥉季军：🇨🇳肖若腾14.766肩负重任，展大将风范；带伤上阵，显英雄本色。感谢八位运动员，在决赛为大家奉献的精彩表现。东京奥运会｜肖若腾获自由操铜牌｜共同强大,2021-08-01 16:52
79,韩国女厕给外国人带来的冲击笑话的爷爷：————开国际玩笑！！！,2023-10-12 22:25
80,缅北多地爆发军事冲突，外交部：呼吁有关方面尽快停火止战，确保中缅边境安全稳定。（央视）中方高度关注缅甸冲突外交部呼吁缅甸有关方面尽快停火止战L中国反邪教的微博视频,2023-10-27 17:34
81,犹太人是公元前1100年来到迦南的，伊路撒冷的第一宫殿第二宫殿都是犹太人修建的。阿拉伯人是公元7世纪早期来到这里的，谁应该是这里的主人?我怎么发现；这个世界都在颠倒黑白。,2023-10-31 14:21
82,我爱我家，不愧是一部神剧啊，真是包罗万象了L老李滔滔不绝的微博视频,2023-10-17 21:37
83,最想去的国家就是巴基斯坦上面的克什米尔可惜一直战乱，记得看小萝莉与猴神大叔的片段里，克什米尔好漂亮,2023-10-09 21:04
84,猶太人為什麼那麼成功？背後到底有什麼隱藏的秘密？|猶太人的歷史故事|猶太人的介紹【熊思維】L武力统一的微博视频,2021-05-14 22:01
85,案件通报我叫王玲霞，父母相继去世半年后的一天我突然收到奉节县人民法院传票，原来是我的姐姐王玲艳（重庆市三峡银行大渡口区退休行长）的老公刘家林（奉节县政协退休老干部）向奉节县人民法院起诉我强占他的住房，要求法院强制执行把瘫痪在床的我赶出家门。我聘请代理律师积极应诉，直到此时我才知道由于父母生前一直没有办理房产证，刘家林夫妻将我父亲王锡洪名字的购房合同与收款收据悉数销毁，他们私刻公章（肉眼可见的大小不一）伪造收款收据（毫无法律效应的白条收款）和购房合同（肉眼可见纸张崭新属于近期形成）将我父母生前购买了长达19年多的住房依靠关系非法办理了刘家林名字的产权证公然向法院提起了这场诉讼。尽管我家近六十位亲友们都替我作证，我的代理律师向人民法院提交的多组证据已经形成了一个客观、有效且完整的刘家林涉嫌伪造证据罪侵占我父母留给我的住房的证据链条，但是奉节县人民法院和万州中级人民法院却以我拿不出父亲名字的购房合同与收款收据为由一味驳回我的起诉、上诉、另案起诉再上诉。面对这一残酷的现实，作为一个生在红旗下，长在新中国也曾受过高等教育的我来说无异于晴天霹雳，如果这一切匪夷所思的事情不是发生在我自己身上，我怎么也不敢相信在律法日益完善的今天，在廉政建设如火如荼的当下，重庆市司法腐败至此！王玲霞，电话:13896907206.,2021-12-10 08:41
86,扬州市长书记」扬州市长书记人民政府扬州市中级法院包庇村霸的保护伞西安巨响许家印「扬州村霸的保护伞是合法的」「扬州市邗江区农业农村局长房惠柏保护伞是合法的」「扬州」「扬州身边事」网页链接网页链接@扬州市中级人民法院西安巨响「扬州的保护伞是合法的」「扬州市邗江区农业农村局长房惠柏保护伞是合法的」「扬州旅游」「扬州新闻」「》O网页链接,2023-10-02 05:25
87,她可是你嫂子生死看淡：————不服就干！！！L定州安胖胖的微博视频,2023-09-20 20:06
88,巴以冲突以来，群友仍执意做空，观点有分歧，说我看多油价，其实是看不懂，在当前局势升级，宏观情绪不稳的情况下，我只看到了风险。说我看空，倒也不是，如果油价跌到80以下，还是认为可以抄底。图1，不知不觉巴以冲突已经过去了，垂直蓝线代表周5夜盘，但第1根代表周1开盘。第1周周1高开是因为周末冲突开始。第2周周五，担心周末局势升级。第3周周五，即昨晚，亦如是。图2，指标显示，避险情绪升温。,2023-10-28 08:09
89,狼传奇起伏在海东青蓝色呼吸的迷醉的梦，紫蓝色繁蔓萦绕的花园，野人海的传奇回荡着玛尼石静静的誓言，交融着所有挚爱血脉至亲的欢语厚爱层层复覆祝福，金色的天空，红底金的跳跃欢蜜，如那漫天的雨浸润葱茏，缠绵自雪莲谷的合音，5023的清晨与深夜蔓延未来时空，交织萦绕于心底的歌声，天地震鸣，吉祥鸟飞腾着光和爱的天池沙漠草原大海，月与日缠绵同辉自由，10月大地香浓炽烈，东方明珠的岛发出光的合音恢宏了天空，记忆江水环绕，这星球如此神秘汹涌，行于宇宙的浩瀚，狼传奇狼，指环着指，桀骜，深烈……每个清晨如光……诞生了生与生的无尽……狼传奇……,2023-10-15 06:49
90,扬州市长书记」「扬州村霸的保护伞是合法的」「扬州市邗江区农业农村局长房惠柏保护伞是合法的」「扬州」「扬州身边事」网页链接网页链接@扬州市中级人民法院西安巨响「扬州的保护伞是合法的」「扬州市邗江区农业农村局长房惠柏保护伞是合法的」「扬州旅游」「扬州新闻」「微博」「》》》O网页链接,2023-09-27 22:08
91,扬州市中级法院包庇村霸的保护伞扬州村霸的保护伞是合法的扬州市长书记人民政府医药反腐风暴来袭扬州大学洁柔直播间输错价格亏损千万《主动投案！海南省第一中级人民法院四级高级法官周果果被查》海南省第一中级人民法》O网页链接,2023-09-25 05:32
92,扬州市中级法院包庇村霸的保护伞洁柔直播间输错价格亏损千万西安巨响许家印医药反腐风暴来袭扬州新闻《扬州市长书记」「扬州村霸的保护伞是合法的」「扬州市邗江区农业农村局长房惠柏保护伞是合法的」「扬州」「扬州身边事」网页链接网页链接《@扬州市中级人民法院「扬州的保护伞是合法的」「扬州》O网页链接,2023-09-29 22:27
93,扬州市长洁柔直播间输错价格亏损千万」「扬州市中级法院包庇村霸的保护伞」「扬州的保护伞是合法的」「扬州市邗江区农业农村局长房惠柏保护伞是合法的」「扬州旅游」「扬州新闻」「微博」「法官说法」「扬州新闻」扬州市邗江区农业农村局长房惠柏保护伞是合法的20》O网页链接》O网页链接n/A6O3g9hZ,2023-09-30 05:22
94,@扬州市长扬州市中级法院包庇村霸的保护伞洁柔直播间输错价格亏损千万西安巨响「扬州的保护伞是合法的」「扬州市邗江区农业农村局长房惠柏保护伞是合法的」「扬州旅游」「扬州新闻」「微博」「法官说法」「扬州新闻」扬州市邗江区农业农村局长房惠柏保护伞是合法的2020年11月》网页链接》@扬州市长「扬州的保护》O网页链接,2023-09-27 22:00
95,@扬州市长扬州市中级法院包庇村霸的保护伞「扬州的保护伞是合法的」「扬州市邗江区农业农村局长房惠柏保护伞是合法的」「扬州旅游」「扬州新闻」「微博」「法官说法」「扬州新闻」洁柔直播间输错价格亏损千万扬州市邗江区农业农村局长房惠柏保护伞是合法的2020年11》O网页链接,2023-09-25 05:42
96,扬州市中级法院包庇村霸的保护伞扬州市邗江区农业农村局长房惠柏村霸保护伞是合法的扬州村霸的保护伞是合法的洁柔直播间输错价格亏损千万扬州新闻《主动投案！海南省第一中级人民法院四级高级法官周果果被查》海南省第一中级人民法院四级高级法官周果果涉嫌严重违纪违法，主动投案》O网页链接,2023-09-25 05:34
97,中国的平台到底听谁的？知乎管理运营方有必要考虑考虑,2023-10-30 21:52
98,巴勒斯坦医务人员笑着笑着就哭了据@北京时间，当地时间10月28日，社交媒体流传的一段视频显示救护车上，巴勒斯坦医务人员哄着刚刚救出来的婴儿，笑着笑着就哭了...….L观察者网的微博视频,2023-10-29 18:10
99,巴以冲突你还觉得三战离我们很远吗？你还认为人类文明被摧毁只是假说吗？感恩我们在祖国的怀抱，珍惜和平，团结一心，建设强大祖国。冲锋一角L北栀旧景的微博视频,2023-10-30 19:04
100,扬州市长书记人民政府邗江区长王庆伟被告方巷镇长曹明明被告扬州市邗江区长书记政府王庆伟被告洁柔直播间输错价格亏损千万西安巨响《顶起来》O网页链接,2023-09-28 05:51
101,@扬州市长扬州市长书记人民政府扬州市中级法院包庇村霸的保护伞央视七夕晚会洁柔直播间输错价格亏损千万西安巨响扬州新闻「扬州的保护伞是合法的」「扬州市邗江区农业农村局长房》O网页链接,2023-09-27 22:11
102,扬州市中级法院包庇村霸的保护伞洁柔直播间输错价格亏损千万西安巨响许家印医药反腐风暴来袭扬州新闻《扬州市长书记」「扬州村霸的保护伞是合法的」「扬州市邗江区农业农村局长房惠柏保护伞是合法的」「扬州」「扬州身边》O网页链接,2023-09-30 05:29
103,这段话放到今天太合适了ps.年轻的王志文，台词真的好啊不用字幕都很清晰L不能再睡了__的微博视频,2023-10-14 15:53
104,苏绣：苏绣高科技与苏绣大众化这是会粹和非遗争论了三十多年的传承观点，但，都是为了祖国的繁荣富强，为了中华民族的伟大复兴！现在结果是：非遗提倡的“苏绣”大众化，使苏州绣女收入，只有3—20元左右/小时，绣女养不了家，也糊不了口，导致：苏州三十万绣女放弃绣业，另择它业，苏州90后，就从小不学刺绣，母传女，姐教妹的，苏绣原生态遭破坏，所以，非遗提倡的大众化“苏绣”10—30年内将彻底消失！,2023-03-06 17:38
105,苏绣创新保护/百万年薪邀请江苏省委原吴政隆书记二次批示，维护苏州会粹公司的苏绣专利权，苏州市知识产权局工作绣品街，把绣品街招牌苏绣改为刺绣！会粹苏绣（高科技）肖像家谱/艺术品：不但是领先非遗提倡的大众化“苏绣”百年的艺术，还是世界上永远无法逾越的，会粹发明的苏绣“深浅远近”绝技！是你帝皇般的享受，绣你及家人像世界名画一样流芳百世！,2022-04-08 06:26
106,巴勒斯坦问题峰会今天的中国新疆与巴勒斯坦加沙,2023-10-22 09:45
107,苏绣专利苏绣：【苏绣创新你保护，百万年薪我邀请】苏绣传承：      非遗用刺绣顶替苏绣达三十年，市面上苏绣技艺早失传；会粹用巨资抢救苏绣，发明苏绣“深浅远近”绝技，把人的灵魂绣在《肖像家谱》里，开创人类灵魂的艺术归宿，是人类文明的伟大创举创新，是人类真正属于自己的传家宝！世间万物终将去，唯留会粹苏绣《肖像家谱》！苏绣专利：【会粹苏绣（高新艺术）肖像家谱】是把人的灵魂绣在苏绣专利里，是领先非遗提倡的大众化“苏绣”百年的绣技，是帝皇般的享受；绣你青春到永远，绣你及家人，像世界名画一样流芳百世！,2023-07-04 09:54
108,苏绣专利苏绣：【苏绣创新你保护，百万年薪我邀请】苏绣传承：       苏绣，俗称“少女绣”，“闺阁绣”，已有二千四多年的传承历史，却与现在苏州的奶奶绣，已经没有丝毫纠葛；苏州90就从小不学刺绣了，苏绣原生态早已被破坏！问：让举世闻名的苏绣放在记忆里？写在书籍里？存放在历史的长河里？苏绣专利：【会粹苏绣（高新艺术）肖像家谱】是把人的灵魂绣在苏绣专利里，是领先非遗提倡的大众化“苏绣”百年的绣技，是帝皇般的享受；绣你青春到永远，绣你及家人，像世界名画一样流芳百世！,2023-07-24 06:58
109,如果你也愿与以色列同在，白纸蓝笔🇮🇱私信我们留下你的支持笔迹以色列,2023-10-12 14:22
110,国际歌【唱】L国际歌【唱】,2019-01-11 09:15
111,钟宇晨的小闹钟肖战王嘉尔苏绣：苏绣创新你保护，百万年薪我邀请苏绣传承：      苏绣是绣灵魂，刺绣是绣画面；苏绣是原创，刺绣是临摹；苏绣是东西方画技糅合的创造过程，刺绣是对已有图案的绣花；苏绣是少女绣，刺绣是奶奶绣；苏绣是高级的收藏艺术品，刺绣是一般的礼品工艺品；苏绣是“精细雅洁”+“深浅远近”，刺绣是女性+男性；苏绣是收藏升值，刺绣是消费贺礼苏绣专利：会粹苏绣《肖像家谱》灵魂绣，是领先非遗提倡的大众化“苏绣”百年的绣技，是帝皇般的享受,2023-09-06 13:05
112,Beyond之夜🎼🎼🎹🎬🎧🎤AMANI！纪念黄家驹逝世30周年怀念黄家驹黄家驹迷LListenjack的微博视频,2023-07-23 00:00
113,如果孩子的出生，是为了继承自己劳碌恐慌贫困，那么，不生也是一种善良。——张爱玲,2023-10-21 10:57
114,山东最牛搬家公司在海南干了件大事有了金钢钻：————何惧瓷器活！！！L宅女吉丽的微博视频众志成城之人定胜天,2023-01-06 09:37
115,"苏绣专利&""闫妮李晨辟谣恋情传闻王俊凯张艺兴易烊千玺周深朱一龙A股奔驰苏绣苏绣：苏绣创新你保护=百万年薪我邀请苏绣传承：      苏绣是绣灵魂，刺绣是绣画面；苏绣是原创，刺绣是临摹苏绣是东西方画技糅合的创造过程，刺绣是对已有图案的仿制绣花；苏绣是少女绣，刺绣是奶奶绣苏绣是高级的收藏艺术品，刺绣是一般的礼品工艺品，苏绣是“精细雅洁”+“深浅远近”，刺绣是女性+男性苏绣是收藏升值，刺绣是消费贺礼苏绣专利：会粹苏绣《肖像家谱》灵魂绣，是领先非遗提倡的大众化“苏绣”百年的绣技，是帝皇般的享受",2023-09-20 10:38
116,巴以现场这张照片来自加沙城内的希法医院，战争的残酷，非旁观者可想象。如果你只是个孩子，或承受能力有限，请不要点开大图，因为世界依然可以假装很美好。,2012-11-20 20:56
117,转发：10月28号:一名住在以色列的巴勒斯坦女生说清楚了哈马斯的本质，区别哈马斯与巴勒斯坦人现在全世界都在喊“自由巴勒斯坦人”，他们可能不知道以下几个事实：-超过200万巴勒斯坦穆斯林和平地生活在以色列境内-每天有50万不与哈马斯恐怖分子合作的巴勒斯坦人越过边境到以色列工作-哈马斯在巴勒斯坦消灭所有试图与他们对抗的竞争对手，“从河到海、解放巴勒斯坦”是要把以色列人赶尽杀绝-以色列在给加沙地带提供水、电、互联网等所有基础设施和服务。恐怖分子利用以色列提供的资源挖地道、存储弹药，司机攻击以色列-哈马斯当局每年收到世界各地的援助7亿美元，并将其用于恐怖活动加沙居民和巴勒斯坦人应该与以色列合作，铲除哈马斯恐怖组织，才能有机会实现和平。L西雅图Dr杨的微博视频,2023-10-29 16:25
118,有人问：“老牛，你作为一个财经博主和基金经理，为什么要频繁谈论时政呢？你的本职工作就是理财，不是吗？”我也渴望成为一个纯粹的、快乐的基金经理。巴菲特多次提到，他之所以能够取得成功，部分原因是因为他生在美国，“中了卵巢彩票”。他不必过多担心政治和经济政策，不必为不公平的现象发声，也不必批评不合理的设计……有些人懂得如何吸引关注，当股市下跌时，他们站在散户的立场上，责骂公募、大股东、量化交易，责骂制度，甚至责骂监管机构。这些言论容易引起散户的义愤。然而，当这些问题得到了一定程度的处理时，但股市涨了吗？股市的走势与经济息息相关，而经济又与时政密切相关。当经济陷入困境，企业家和投资者失去信心时，仅仅通过修改一些技术性制度，很难解决问题。这就是我关心时政、表达观点的原因。当然，我明白，作为一个普通人，我的言论或许像空气一样微弱，可能没有太大的影响力。然而，我仍然认为，需要有人站出来，发出声音。每一个爱国之人，都应该为国家的发展献计献策。股市已经下跌了两年多，已经充分反映了利空情况，向下的空间有限。尽管向上的动力不足，但结构性机会依然值得期待。我相信，只有那些深爱着这片土地的人，才会愿意冒险去做一些事情！我希望，每一颗赤子之心都应该受到鼓励和善待！,2023-10-03 14:26
119,【知名大学校长推荐书单（下）】①宁夏大学校长《时间简史》②华中科技大学校长《论中国》③南京大学校长《沉思录》④上海交通大学校长《苦难辉煌》⑤武汉大学校长《中国哲学简史》⑥浙江大学校长《五千年犹太文明史》⑦香港科技大学校长《神雕侠侣》⑧四川大学校长《改变自己，改变世界》。,2014-04-22 22:19
120,伊朗人支持谁？巴勒斯坦/哈马斯？还是以色列？这得看在哪里的伊朗人了。昨天，巴黎的伊朗人打出以色列旗号，支持以色列。巧的是，我在美国的社区里认识一个伊朗裔的家庭。他们家的三个孩子，两男一女。那个女孩跟梅小师以前是同班同学。所以，常邀请我去他们家坐坐聊天。男主人说，他的父亲是伊朗的教授，当年从伊朗带着全家辗转逃到美国落脚。聊到伊朗的很多情况，他常说的一个词叫“你懂的”。L梅大师飞越美中的微博视频,2023-10-25 09:22
121,10月22日据环球军事+，加沙遭多次空袭，一对兄妹滞留在医院，当哥哥用平常的语气说父母双亡，采访者也崩不住了…🙏🙏🙏加沙中东军情以色列中东军情LA退伍军人的微博视频,2023-10-23 16:54
122,2025、2026、2027，这几年或出现全球性的科技革命，进入另一次人类科技飞跃时期。有可能是脑神经科学、人工智能、网络或通讯技术、交通运输技术方面的大突破。但同时，这几年出现大型战争的风险也比较高。或许，恰恰就是战争时期引发急迫的军备竞赛，催生出来的技术突破。金融星象,2022-07-30 22:26
123,《止杀令》讲述了全真教道长丘处机为了劝成吉思汗止杀东归，不惜西行35000里呼唤和平、弘扬大爱的故事。影片是一部气势磅礴的作品，集结了中日韩三地的演员，由赵有亮、涂们、李小冉、余少群、耿乐、中泉英雄、朴艺珍、徐锦江等人主演。LCCTV6电影频道的微博视频,2020-03-21 12:50
124,任何的借口都不能成为以色列占领军屠戮巴勒斯坦无辜妇女和儿童的理由，以色列近来又在联合国“一哭二闹三上吊”，无非就是两个目的，一是为以色列军队抢占加沙的土地和驱赶难民争取时间，二是宣扬以色列搞大屠杀的所谓“正义性”，这两个观点我们完全不能接受，我们认为以色列已经在宗教极端主义思想的道路上越走越远，全世界所有爱好和平的正义之士应当团结起来，共同谴责并制裁以色列的反人类行为！以色列拒绝联合国停火决议以色列L赵盛烨的微博视频,2023-10-31 17:18
125,今天见朋友，路过这么个地方。以色列向中国输出的是技术与创新，哈马斯向中国输出什麽？,2023-10-29 16:53
126,【巴以乱局最全时间线】巴以冲突何以至此，又将走向何处？>>O网页链接哈马斯为何对以色列发动突袭,2023-10-09 21:00
127,"NG世界地图集世界史NG世界地图集各版细节对比第三、四、五、六版国家地理世界地图集，分别出版于1970、1975、1981和1990年。图中用绿色阴影代表以色列占领区，经典红色文字作为补充说明。第三版地图(1970,图一)1967年,以色列在“六日战争”中占领包括西奈半岛在内的多个阿拉伯国家部分领土（仅文字说明）。第四版地图(1975,图二)中可以看到1974年1月18日非接触协议生效后，以色列军队撤离到LineA的情况。1979年，埃以双方根据1978年的戴维营协议，签署了和平条约。条约规定以色列正式把西奈半岛归还给埃及（加沙仍归以色列所管）。撤离过程在第五版地图(1981,图三)中有所体现。1982年，以色列完成撤军。第六版地图(1990,图四)中西奈半岛全境为埃及领土。@红袍萤火虫VIII@Frank子垚@baiqitun_cn@雪山上空的鹰",2020-05-17 19:23
128,【中方呼吁巴以冲突方立即实现人道休战】当地时间30日下午，联合国安理会应中国和阿联酋的要求召开巴以局势紧急公开会。会上，中方对巴以冲突提出4个郑重呼吁：①中方郑重呼吁冲突方停止一切敌对行动，立即脱离接触，实现人道休战，全力防止局势进一步升级。②中方郑重呼吁以色列作为占领方履行国际人道法义务，解除对加沙的全面封锁，立即撤销紧急疏散令，尽快恢复基本生存物资供应，防止更大规模人道灾难。③中方郑重呼吁加大外交努力，推动被扣押人员尽快获释，并争取由此开辟对话空间，让危机重回政治解决轨道。④中方郑重呼吁对当事方有独特影响的大国，摒弃自身私利和地缘政治考量，为制止战争、恢复和平作出一切努力。中国常驻联合国代表张军表示，如果没有全面停火，再多的人道援助都是杯水车薪。“加沙民众需要的，不只是安理会重申国际人道法的重要性，重复无法兑现的保护承诺，而是恢复和平、维护法治、拯救生命的切实行动。”“此时此刻，沉默意味着默许，不作为无异于开绿灯。全世界的目光正望向这里，历史将记录我们的选择。”@CCTV国际时讯LCCTV国际时讯的微博视频,2023-10-31 23:33
129,@汪海林痛斥“一句话概括全剧”，全程高能L影视独舌的微博视频,2023-10-30 18:06
130,和妹妹告别：巴勒斯坦加沙L藤原小直的微博视频,2023-10-31 20:43
131,犹太人动不动说3000年前这块地是他们的，实际上3000年前是这样,2023-10-20 10:34
132,10月12日，“我站在文明的一边——以色列”，你们怎么“都站在文明的对立面”。10月24日，“你们怎么仇恨以色列”？10月30日，“虽然全世界都在批评以色列，但是他们是善意的批评，你们简中人是无脑充满恶意的批评。”为什么有这种转变？因为发现了全世界现在都在批评以色列，但是还是想借机骂中国人。,2023-10-30 19:53
133,减少交流，就是避免消耗。交流，只在一定范围内必要和有效。普通人，没有必要和十四亿人交流。互联网社会是我们的交流圈变得无限宽广，你甚至可以越过这十四亿人和地球上任何一个被网络覆盖的地球人交流。人们也在尝试和享受这样的交流，这让人们有一种无论如何平凡卑微都可以坐地遨游全世界，并参与地球建设和参与人类精神改造的神奇感受。匮乏使人格外想要获得力量，如果不是真的获得，那么，仿佛获得感觉也不错。有一些人确实赚得盆满钵满，有些人则获得蝇头小利，例如五毛。还有一些，获得了这种仿佛参与和掌控全球人喜怒哀乐的虚幻力量以及因自身匮乏而格外或缺的情绪价值。盆满钵满的大多是非常落地的现实主义者和行动派。顺应潮流是一种智慧，能看到时代商机并从中获益，都是头脑聪明的人。但君子爱财取之有道，借互联网这个道无可厚非。如果这当中混杂了很多坑蒙拐骗就属于道德和法律的禁地，这个问题复杂，不好一概而论，总体他们是互联网时代的最大受益者。后两种情形，五毛和情绪价值获得者，终将回到现实中。最终发现，仿佛每天参与改造全球及全球人精神世界的企图和幻觉如同一个笑话，生活一定会将你打回原形。骂完李玟的老公，操心完俄乌冲突，巴以冲突，喷完李连杰和成龙李亚鹏，又为汪峰章子怡离婚的事操碎了心，仿佛酒足饭饱，凯旋而归，却发现真的到了饭点。老二嗷嗷待哺，老大的运动鞋也该买了，宽带的费用还得自己交，老板催的账单还没有收回，客户的挑剔还得忍，儿子的家长会没去还得向班主任解释，老婆发现老公的臭袜子随手丢，还得捡，老公生气老婆的手机坏了又是一笔开销，邻居的狗子在门口拉了你还得假装不介意，地上到处都是头发需要清扫，粉底液也盖不住你卡粉的脸，宽大的外套也盖不住你的啤酒肚，老板该骂你还是骂你，骂完了川普还是不敢跟村长顶嘴……日子具体又琐碎，生活并没有因为你为这个世界操碎了心，和地球人挨个交流，把心操到外太空，骂了一大串名人，而敬你一尺，饶你一分，它们只会让你感到更加渺小和空虚。早安，自己。天亮得越来越晚。我要下楼锻炼啦。伸伸胳膊踢踢腿，弯腰开背美哒哒。和外部世界的交流不是我的需求，更不是我现阶段的人生主题。🙈🙉🙊🙅你，确定你真的需要那么多交流和参与吗？🤓,2023-10-29 06:39
134,【加沙儿童向普京发出呼吁】近日，来自加沙地带的儿童录制了一段视频，他们向俄罗斯总统普京发出呼吁，恳求其帮助停止针对巴勒斯坦人民的战争。录音中可以听到轰炸和炮击声。巴勒斯坦儿童向普京求救以色列称坚决拒绝停火L今日俄罗斯RT的微博视频,2023-10-30 14:09
135,B乎用户打铁烧砖那里看来的，在昨晚空袭中遇难的华西医院的老师为巴勒斯坦籍，在成都读了10年本博连读，放弃欧美多家大医院的聘请，回到自己的祖国。昨晚遇难……,2023-10-18 17:48
136,朋友们那个加沙所有学生殉难的转发微博我先转己见了，再等等可靠信源，我真的希望是假新闻,2023-10-29 14:51
137,关于巴以冲突，个人建议不要代入太深。这不是第一次冲突，而是第N次冲突。冲突背后的背景和缘由，非常复杂，不是你我能够完全理解的。加沙普通民众遭遇炮火袭击，非常可怜，不过哈马斯也没闲着，时不时向以色列发射炮火，只不过由于以色列有铁穹防卫系统，所以没有像加沙那样曝出大规模平民伤害事件。这样一个悲惨的事件，主要不是为了让我们来情绪泛滥或者爱心泛滥，而主要是为了让我们看清这个世界的本质和真相，即这是一个弱肉强食的世界。以色列的地面行动，好像已经开始。估计下一步，会发生更多伤害事件。对此，你能怎么办？连阿拉伯世界国家都没动，你能怎么办。我讲这些，不是冷血，而是说你确实做不了什么。而且，他们之间的矛盾和冲突，是双向的。巴勒斯坦现在之所以比较惨，是因为他是弱者。如果转换一下，假设以色列是弱者的话，以色列也同样会受到现如今跟巴勒斯坦一样的惨状。在1947年联合国决议通过的时候，阿拉伯国家不认，集结大军去打以色列，差点把以色列彻底打没。零和博弈，便是这么惨烈。我们要感谢我们的老祖宗，给我们留下这么大一块地盘，且是这么大一块肥沃、宜居的地盘。在这个地球上，能有这么好地盘的国家，只有两个。一个是中国，一个是美国。虽然俄罗斯和加拿大的地理面积也非常大，但是他们的位置太靠北，冷的要死。既不适合种植，也不适合生活。我们的老祖宗，把血和泪的历史，留在了过去，把这么大一块优质的地盘，留给了我们，我们应该感到庆幸。我们的地盘，又好又大且干净，不像美国人的地盘，由于所获历史太短，是从别人手里抢来的，直到现在还一直被人指责。像巴以冲突这种事，过去发生，现在发生，将来也会发生。这是地球动物圈的生存法则，人类也难以幸免。我们要做的，便是强大自己，让这个星球上的其他族群，不敢欺负我们。我们可以同情他们，但是不要太情绪泛滥或者爱心泛滥。他们之间的矛盾和冲突，太难化解。只能说，各有各的命，我们建设好自己最重要。,2023-10-31 00:41
138,哈马斯武装没有任何从正面战场取胜的机会，只能采取游击战麻雀战的方式，寄希望暗中给予以军较大的杀伤（渺茫），寄希望能拖延以军的进攻时间，寄希望严重的人道主义灾难导致的强大国际压力来迫使以军结束进攻。以往几次巴以冲突，大致也都是这样的结局。最后死的人足够多的时候，这次战争就结束了。然后双方擦干鼻血，转身再战。即使以色列铲除了哈马斯武装，随后还会有更极端的组织继承哈马斯的路线。这是个死结，无解的。巴以冲突,2023-10-30 11:10
139,俄新社记者驱车加沙拍摄到的画面，以色列空袭对居民区带来的破坏触目惊心。L孤烟暮蝉的微博视频,2023-10-31 18:11
140,这个视频是在一个月前的加沙美丽的毕业典礼上拍摄的。我们所有人都有梦想和抱负，但以色列摧毁了我们的梦想，他们轰炸了大学，杀害了许多学生，摧毁了他们的家园，夺去了他们的亲人和孩子们的生命，摧毁了一切。尽管如此，我们仍然对美好和光明的未来抱有希望。🇵🇸🇵🇸巴以冲突巴勒斯坦加沙L巴勒斯坦在华留学生的微博视频,2023-10-31 20:12
141,【2万亿元→3万亿元，仅用时4年！他们，向着这一新目标迈进！】近期，重磅会议接连部署“新型工业化”，使之成为制造业、互联网及科技企业之间高频探讨的热点话题。我国的新型工业化是依靠自主创新驱动的工业化，也是坚持高水平对外开放的工业化。只有积极开拓海外市场，参与国际竞争，多维度交流合作，不断向全球价值链高端攀升。作为中国新型工业化企业的代表，小米等中国硬核科技公司为新型工业化注入更多活力，成为中国科技企业出海的一张闪亮名片。O以智能制造撬动新型工业化，中国科技企业迈出新步伐,2023-10-19 10:11
142,射雕英雄传第139集致敬经典射雕英雄传大结局L热播剧谈的微博视频,2021-09-21 20:35
143,【半岛电视台加沙分社社长妻儿等在空袭中遇难，该媒体发声明谴责以军】据卡塔尔半岛电视台25日报道，该媒体阿拉伯语加沙分社社长瓦尔·达杜赫的妻子、儿子、女儿和孙子在以色列发起的空袭中遇难。据报道，半岛电视台播出一段镜头，瓦尔·达杜赫周三（25日）在医院太平间看到他已经去世的妻子、儿子和女儿。他蹲下身子，抚摸他15岁儿子的脸，他儿子的梦想是长大，像他一样也能成为一名记者。达杜赫还抱起他7岁女儿的尸体，对着她满是血迹的脸，似乎在说着什么。报道称，走出医院时，满脸震惊的达杜赫对半岛电视台镜头说，“发生的事情非常清楚。这是对儿童、妇女和平民的一系列有针对性的袭击，”“我们曾经怀疑以色列占领军不会放过这些人，现在可悲的是，事情就是这样。这就是占领军所说的‘安全’地区。”值得注意的是，此次被以军袭击的难民营地位于加沙南部。两个小时后，同样在袭击中受伤的达杜赫的孙子被宣布死亡。半岛电视台在一份声明中谴责称，“以色列占领军不分青红皂白的袭击导致达杜赫的妻子、儿子和女儿不幸丧生，他的其他家人被埋在瓦砾下，”他们在加沙一处难民营的住所成为袭击目标，他们曾在经历轰炸后流离失所，然后又在以色列总理内塔尼亚胡的要求下南迁并在那一营地寻求庇护。……见截图（文：环球网视频：半岛电视台）巴以冲突L从宇宙黑洞飞出火凤凰的微博视频,2023-10-26 17:22
144,加沙地带，以色列每天造成的惨剧都是骇人听闻的！这里是贾巴利亚难民营，今天以军在这里炸死至少100人！以色列伊朗称战争扩大将让以色列彻底毁灭L无心简影的微博视频,2023-10-31 23:43
145,巴勒斯坦儿童向普京求救：“请求您制止这场残酷的种族战争”，视频中可以听到轰炸声和炮击声。L观察者网的微博视频,2023-10-31 21:34
146,当他们说自己是和平定居者。,2023-04-03 08:46
147,成天打打杀杀，争个你死我活。争来争去，争的都是土地、资源，争一个生存权。可土地、资源这些，本就是大自然的馈赠，不是某人某家某族的！天斌人权，就不能好好协商沟通和平共享共存吗？那些只想独活不许他人活的都不是人，是魔鬼！,2023-10-30 11:35
148,哪里有通道能够帮助这些孩子，巴勒斯坦大使馆官方微博？伊朗大使馆微博？中国住巴勒斯坦国办事处？L段小丑鱼的微博视频,2023-10-30 13:13
149,以军攻进加沙后，将抓到的巴勒斯坦人衣服脱光捆起来，士兵对着哈马斯阵亡士兵的头部撒尿，这可比万圣节恐怖多了伊朗称战争扩大将让以色列彻底毁灭L帝吧官微的微博视频,2023-10-31 23:16
150,"介文汲怒斥：谁才是真正的刽子手！”2030年的""文明社会""竟然如此大规模杀害儿童！巴以冲突武统L武力统一的微博视频",2023-10-31 22:30
151,🇮🇱🇵🇸‼️🚨西岸希伯伦……以色列国防军像“世界上最有道德的军队”一样对待巴勒斯坦战俘恶心L大象搬砖的微博视频,2023-10-31 21:15
152,体制内不是退休金过高，是补贴过高。企业退休只有养老金，入一个银行帐号，而体制内退休，除了退休金，还另有一个帐号是发补贴的，五花八门，连领钱的人都说不清有几种，金额与退休金相当。体制内外的差别，由此而来。体制内很多有良知的人都觉得自已退休金太高了，同时间上班到后来转到体制内，有的还在企业，退休时差距近10倍，这是人做出来的事吗？退休费不应该实行年年涨，而应该是物价上涨代来的生活补贴，应该是所有退休人员的生活补贴，为此，就应该一視同仁，按上涨的比例，如100.200来统一计发生活补贴费，记住，叫物价上涨后的生活补贴，而不是退休费上涨，更不应该是按退休费的基数来计发！退休金在老年人手上，也是花在家庭上。退休金少的老人，比较节约，但不拖累子女。退休金多的老人，生活过得好一点，剩余的钱几乎是补贴子女家庭，没有多少老人抱着钱睡觉不放手。,2023-10-31 11:20
153,以下是海外网友总结的，中东各国针对巴以冲突的行为和态度，各自心怀鬼胎，凝聚力太差，不过也有好的，林林总总，仅供参考。（我个人觉得，最能装逼的就是土耳其两面三刀，心口不一）,2023-10-31 23:30
154,龙应台说的那句“我不在乎大国崛起，只在乎小民尊严”,2023-10-12 21:53
155,巴以冲突【危机加剧！加沙陷入饥荒，民众撬开联合国仓库哄抢粮食！】当地时间10月29日，联合国近东巴勒斯坦难民救济和工程处（UNRWA）的一处仓库在加沙遭到了数千名民众的闯入，洗劫民生物资。这一事件更是加剧了当地局势的紧张…….戳↓↓加沙数千人闯入联合国机构抢夺物资（国防时报·排头兵）L兵道之魂的微博视频,2023-10-31 19:06
156,【巴以冲突致加沙超3000名儿童死亡】当地时间29日，据巴勒斯坦媒体援引加沙地带卫生部门消息，本轮巴以冲突已造成加沙8005人死亡，其中包括3342名儿童、2062名妇女。另外还有至少1870人仍被埋在废墟下。（总台记者李享）,2023-10-29 19:39
157,俄乌局势新进展巴以冲突今天早上，俄军114摩步旅在阿夫迪夫卡的战斗中摧毁一辆豹2A6。操作手那“乌拉”劲，看样子能分到奖金L地球镜头Aa的微博视频,2023-10-31 18:22
158,巴勒斯坦加沙敢死队跪别家人要出征了，巴勒斯坦加沙敢死队跪别家人。他们是死士，抱定必死的决心，有去无回！这一幕，何其悲壮！又那么熟悉。我们的先辈也是如此，为了摆脱殖民，摆脱奴役，摆脱压迫，为了把敌人从自己的土地上赶出去，为了自主自由尊严的生活在自己的土地上，多少人丢了性命，失了家人。一个安定强大的国家，人民才能安居乐业。巴以冲突致这个动荡的世界中方敦促以色列停止蚕食巴勒斯坦人民土地和资源,2023-10-31 20:15
159,约旦河西岸，几名以色列军警围殴一名巴勒斯坦青年。巴以冲突L无心简影的微博视频,2023-10-30 01:34
160,一个巴勒斯坦少年的成长，告诉你哈马斯来自哪里巴以冲突已超9200人死亡加沙地带经历迄今为止最严重轰炸以色列声称联合国不具有合法性L长征后卫薛伯陵的微博视频,2023-10-29 10:33
161,以色列【犹太人对我们中国干过13件坏事】那些支持以色列的中国人好好听一听！L兰斌强的微博视频,2023-10-20 08:02
162,我国油价不合理的涨价调整机制，引发了公众的强烈不满，三桶油发明的算法，可以申请宇宙专利了，8块多钱，关键是还缺斤短两。关键是还干的年年亏损，自己亏损也算了还不让别人干。就按照这么先进的算法，就是涨到100块钱一升，也会照亏不误。官方给出的解释，是按照中国涨价机制，合理涨价的。2008年国际原油是每桶148美元，国内油价是5块六一升，2023年国际油价是每桶86美元，国内油价是八块六一升。确定这个算法不是套路吗？15年的时间，国际原油价格跌了将近一半，国内的汽油价格涨了将近一半。随着时间的推移，国际油价就是循环不涨，我们的油价，都能无休止的涨下去。首先油价涨价，对公众利益的影响，是显而易见的。随着油价的上涨，物流成本增加，物价也随之上涨。这意味着，公众将面临更高的出行成本和生活成本。而对于那些依赖汽车出行的家庭，将是一个巨大的负担。而面对国内油价，不受外界影响，连续上涨的问题，社会各方不约而同的表示强烈反对。难道大家都错了，只有三桶油是对的吗？再不采取有效的措施予以解决，恐怕会产生影响。改革油价调整机制，是当务之急。我们应该建立更加科学公正的机制，使油价能够真正反映国内市场的供需关系,2023-10-29 22:16
163,"【58分钟英字完整版】【纪录片.BBC.以色列的诞生.The.Birth.of.Israel.2008】以色列国，位于西亚西部的巴勒斯坦地区，1948年5月14日独立建国。根据联合国1947年巴勒斯坦分治决议，以色列面积1.52万平方千米。以色列与阿拉伯邻国多次发生冲突，经过五次中东战争后，以色列目前实际控制面积约2.5万平方千米。DocumentaryexaminingtheeventsleadingtotheIsraeliwarofIndependencein1949,itsimpactonArab/IsraelirelationsandtheimplicationsfortheMiddleEast.Madein2008.微博纪录片联盟，一起上大学，英语L猛犸君侯的微博视频",2023-10-26 18:38
164,【巴以冲突已致双方超2800人死亡】①以方称将在加沙地带发动大规模军事行动，叙利亚两地机场突遭以方空袭；②以方对加沙地带的“封锁”持续，当地人道主义危机加剧；③沙特伊朗积极斡旋，美英拱火巴以冲突……一文了解巴以本轮冲突最新情况↓↓O本轮巴以冲突已致双方超2800人死亡，战事愈演愈烈美国却持续拱火,2023-10-13 09:01
165,哥哥领着妹妹找弟弟，和哥哥团聚后，弟弟哭着找妈妈……唉以色列拒绝联合国停火决议L钢七连Unbreakable7的微博视频,2023-10-31 20:27
166,以色列称坚决拒绝停火巴勒斯坦居民：你们就是一群没有良心的野兽！黄媒不会说的真相L小凡好摄的微博视频,2023-10-30 21:54
167,以色列巴以冲突走向预测根据以色列国运对此次巴以冲突未来走向预测如下：10月壬戌，羊刃戌土美爹帮手来了，会抗衡外部势力，比较得势；11月癸亥就不好啦！外部压力大，美爹也泥菩萨自身难保，顾不上他了，会遭受新一轮的严峻打击，抢夺、侵占他国的土地会被部分吐回去；12月甲子月依旧比较难受，仍处于被动状态，直到1月乙丑月才会出现新的转机；2024甲辰年，农历7、8月还会遭受新一轮攻击，抢夺、侵占他国的土地会被部分吐回去；2025乙巳年，会有遭受致命打击，立国之基可能就会被动摇；2026进行乙丑大运，被以牙还牙的时代，曾经如何对待其他民族，未来就会收获相应优待，真是天道好轮回啊！从玄学视角解读巴勒斯坦命运及冲突走向：从玄学视角，简析以色列国运以及巴以冲突走向：,2023-10-12 19:52
168,以色列今天轰炸约旦河西岸的房子。L西江月如烟的微博视频,2023-10-31 23:14
169,加沙城内每天遭受轰炸至少四五百人死亡，瘟疫也来了。居住在AlShifa医院（希法医院）外难民营的巴勒斯坦人正遭受天花和腹泻等流行病的折磨。L繠繠笺注的微博视频,2023-10-27 11:06
170,更多以色列军队增援正在进攻被占领的约旦河西岸城镇图巴斯。L寰球镜头的微博视频,2023-10-31 22:00
171,【心疼！加沙幸存男孩被吓得浑身颤抖】直击加沙悲惨现状10月21日据环球军事，加沙遭多次空袭，1名废墟中救出的巴勒斯坦小男孩被吓懵，送医救治仍颤抖不止，眼底尽是恐惧…L难舍深蓝的微博视频,2023-10-22 17:29
172,石老师讲巴以冲突，92分钟完整版本。视频有点儿长呀，宝子们有点耐心啊，建议加快速度看。或者只听也行，石老师的北京口音普通话清晰明了，不看字幕也能听明白。L李铁柱之冠的微博视频,2023-10-21 13:46
173,美国犹太裔美国新闻记者、民主党人、专栏以及书籍作家，普利兹新闻奖的三届获奖者托马斯·弗里德曼（配图），在纽约时报就以色列和哈马斯战争发表的专栏文章。个人觉得水平很高，这博士那博士说那么多，加起来可能还不如这文章的一个字。以色列官员告诉我，他们确定两件事，实际上他们只有一个半生不熟的计划。,2023-10-31 10:53
174,【中方呼吁巴以冲突方立即实现人道休战】当地时间30日下午，联合国安理会应中国和阿联酋的要求召开巴以局势紧急公开会。会上，中方对巴以冲突提出4个郑重呼吁：①中方郑重呼吁冲突方停止一切敌对行动，立即脱离接触，实现人道休战，全力防止局势进一步升级。②中方郑重呼吁以色列作为占领方履行国际人道法义务，解除对加沙的全面封锁，立即撤销紧急疏散令，尽快恢复基本生存物资供应，防止更大规模人道灾难。③中方郑重呼吁加大外交努力，推动被扣押人员尽快获释，并争取由此开辟对话空间，让危机重回政治解决轨道。④中方郑重呼吁对当事方有独特影响的大国，摒弃自身私利和地缘政治考量，为制止战争、恢复和平作出一切努力。中国常驻联合国代表张军表示，如果没有全面停火，再多的人道援助都是杯水车薪。“加沙民众需要的，不只是安理会重申国际人道法的重要性，重复无法兑现的保护承诺，而是恢复和平、维护法治、拯救生命的切实行动。”“此时此刻，沉默意味着默许，不作为无异于开绿灯。全世界的目光正望向这里，历史将记录我们的选择。”@CCTV国际时讯LCCTV国际时讯的微博视频,2023-10-31 13:41
175,🔺根据IDF发布的视频进行地理定位，以军继续停留在拜特哈农北部的城乡结合部。中方呼吁巴以冲突方立即实现人道休战,2023-10-31 19:20
176,大部分人会觉得战争太残酷了，巴勒斯坦的孩子们太可怜了，没人管，没人保护，没吃没喝，好像一觉醒来都不知道是生是死。其实我想告诉大家，当你觉得战争很残酷的时候，当你觉得那些死去的孩子很可怜的时候。还记得，80年前我们都经历了什么？一个抗日战争打了14年，我们军民的伤亡总人数高达3500万。就现在所有冲突的国家，把他们的人口加起来有三千多万人吗？在那个年代，我们应该比现在任何有战争的国家都惨，我们比谁都渴望和平，可谁又来管我们了？是我们的战士，一步一个血脚印杀出来的，是我们的党带领我们走出来的。我们的安全，是他们给的，我们的安定，也是他们创造的，但这一切的一切却付出了沉重的代价。就像彭大将军和战士们说的那样，这一仗我们不打，就得我们的下一代打，我们不牺牲，就得子孙去牺牲，打得一拳开，免得百拳来。所以我想说，作为中国人我们要爱我们的国家，而且是无条件的必须去爱，无论何时何地我们都要拥护她，有她，才有我们现在的安定，她好，未来我们的子孙才会更好，愿世界和平。….缅甸印巴冲突南部战区回应菲护卫舰非法闯入印巴冲突,2023-10-30 22:23
177,巴称加沙北部杰巴利耶难民营遭以军空袭据巴勒斯坦加沙地带卫生部门称，今天（10月31日），加沙地带北部人口稠密的杰巴利耶难民营遭以军空袭，已造成超过50人死亡、约150人受伤，还有数十人被埋在废墟下。加沙地带北部的“印度尼西亚医院”方面也向半岛电视台证实了这一消息和伤亡数字。目前以色列方面对此暂无回应。LCCTV国际时讯的微博视频,2023-10-31 23:56
178,【美国前副总统彭斯宣布退出2024年总统竞选】当地时间10月28日，美国前副总统彭斯宣布，他将退出2024年的总统竞选。彭斯当天表示：“我很清楚，现在不是我的时代……我决定从今天起暂停竞选总统。”L长江云新闻的微博视频,2023-10-29 14:00
179,加沙的女孩上传战前的加沙视频。哈马斯加沙悲剧的始作俑者！L魔酒久久的微博视频,2023-10-31 09:22
180,【英媒发美政府在俄乌和巴以问题上双标视频】为什么说“美国政府认为巴勒斯坦人的生命无关紧要”？英国媒体发了这段对比视频L观察者网的微博视频,2023-10-31 14:01
181,以色列巴勒斯坦冲突一小时前，以色列空军再次展示最新的轰炸视频。黄媒不会说的真相L小凡好摄的微博视频,2023-10-16 20:18
182,青春树下诗词稿集民生微评军事瞭望梦斋笔谈国际军事巴以冲突中东军情走心视频为生命呐喊以色列人为什么要占领阿拉伯国家的土地实话实说中国搜索【渴望的种子】多想活着阴霾不再有多想活着阳光在哪里生命的源泉何处寻多想活着饥渴恐惧向往家到底在何方多想活着血凝的河流烧红的土地嵌着岁月多少孤寂与无奈多想活着带毒的空气让人窒息愤怒的火焰在燃烧渴望的种子不再沉默和顺从冲出牢笼为自由而战时代英雄故事将永远传承L知名评论谢御宏的微博视频专栏·军史纪实！专栏·民生态势！,2023-10-31 21:42
183,王安珍睿恩新*碎(20阙)文:王安珍丁香一束春光蕾。飞蝶侣，翩翩陶醉。似钗头，倩影盈怀。转苍台，艳如花蕊。杳伴酥姿伟伟。芳绪涌，笑颜娇媚。览莲红，莫记嫣然。免枯色，阑珊总对。词林正韵:晏殊体🎀睿恩新*暮文:王安珍春光万里烟波圃。飞紫雁，翩翩悠顾。似先前，倩影盈怀。转莲坪，恍如凌步。忆起娇羞楚楚。芳绪动，笑颜依妩。览芙蓉，莫眷痕芬。省枯叶，迷茫再赴。词林正韵:晏殊体🎀睿恩新*梦文:王安珍嫣然一束桃红垄，随彩蝶，依依微送。若良人，妩媚盈眸。绕烟巷，婉呈恩宠。杳对冰心动动。芳绪起，影儿如梦。绕楼头，莫眷踪铿。省凄意，离愁又弄。词林正韵:晏殊体🎀睿恩新*杳文:王安珍昙花一朵风春晓，依细露，翩翩灵巧。若伊人，妩媚倾心。绕朱阁，弄丛梅傲。仿佛莺歌闹闹。离绪送，蜜情频报。向阳关，怎奈途茫。似千里，凄凉总搅。词林正韵:晏殊体💖贺圣朝*醉文:王安珍赏花临圃葱茏地，香熏绕体。樱园蜂蝶阆坪欣，入眸红陶醉。钗头情意，凌波步域，约之何会？伊人痕迹恍先前，雅呈依然你。词林正韵:黄庭坚体🎀贺圣朝*春分文:王安珍鹅黄域婉斑斓稳，盈眸风韵。酥枝灵巧，稚芽依显，蝶邀花引。朱唇微点，春融欲至，醉人红粉。半描桃眼，乱抛梨靥，弄香心润。词林正韵:冯延巳体💖梦玉人引*蜜文:王安珍欲桃花妩，岭山阑，柳枝碧。玉树微葱，恍如江南春色。若点斑斓，似蕊妍茎络有芳迹。酥影频随，暗域芬严密。一帘愁绪，枯荣满，恨弄又如织。估程归期，奈何挡眸云黑。寻隐雁讯，篱前无消息。舞裙现伊，盈眸览媚，温馨遥得。词林正韵:李甲体🎀梦玉人引*久文:王安珍欣往游径，呈前迹，恍如旧。散尽桃红，落絮褶枝青秀。杏巷滩头，却韵翩，仿佛帘胭蔻。静待春风，伴阆园堤后。艳疆欢聚，一碧丛，酥韵也堪有。对月吟风，玉人温婉依旧。踪远影遥，未临茫回首。眷消失频还，笑靥妩，甚时同走？词林正韵:沈会宗体💖巫山一段云*柔文:王安珍橹荡江滨畔，人烟绕碧丘。款情依约也温柔，一页洞庭舟。迹满环堤岸，踪翩舞彩绸。幽幽寂寂凤凰楼，阁下见钗头。词林正韵:毛文锡体🎀巫山一段云*红妆文:王安珍橹荡江滨畔，人游绕碧杨。曲声依约也铿锵，笑语柳亭旁。迹满环溪岸，踪翩舞彩裳。亭亭玉立藕花庄，隔岭见秋香。词林正韵:毛文锡体🎀巫山一段云*茫茫文:王安珍妩媚眸前影，翩翩眉上踪。彩裙微抖舞春风，娇俏恍如蓉。艳靥俊颦途远，浅浅阳关粉面。溪桥莲步见红妆，亭畔若萧娘。词林正韵:唐昭宗体🎀巫山一段云*端阳文:王安珍火袅端阳粽，烟熏节日蒿。矮篱风雨枣香郊，寂亭幽夹萧。疏影未临烦恼，恍若芳踪围绕。家山万里蜀溪春，乡情眷又氤。词林正韵:唐昭宗体💖玉堂春*盈怀文:王安珍小桥流水，锦绣苍山峰媚。阆苑蓬莱，雅域秦淮。蝶圃花株，秀色青枝景。一袭芳踪步碧台。粉岸朱阑陶醉，沙洲凌步徘。彩袖朱裙，恍若红酥手。如似莲堤见凤钗。词林正韵:晏殊体🎀玉堂春*铿锵文:王安珍柳郊桃岛，一袭苍山峰妙。阆苑蓬莱，雅域芬芳。蝶圃花株，秀色青枝景。倩影芳踪步碧冈。粉岸朱阑陶醉，萧声金曲锵。雁舞莺歌，恍若倾心语。回首溪沙醉绿杨。词林正韵:晏殊体🎀玉堂春*仙葩文:王安珍柳塘莲巷，袅娜溪烟风爽。碧岭青园，锦舍仙葩。阆域轩渠，妩媚菖蒲径。一袭红妆醉彩霞。碧岸青潭游走，兰亭疏影嘉。蜜露芳株，畅览缤纷景，携手廊桥赏藕花。词林正韵:晏殊体🎀玉堂春*阑珊文:王安珍絮庐枯圃，百里春风烟树。碧岭青园，锦舍阑珊。阆域轩渠，妩媚萍花巷。一袭游人映粉莲。绿柳红花回首，兰亭蝴蝶翩。蜜露芳株，共览缤纷景，同越溪桥荡客船。词林正韵:晏殊体💖玉楼人*梦文:王安珍故峰回首同游洞。依约有，离人昔宠。盈怀倾意娇羞，疏影恨弄。柔情沁肺芳心动。似见颦，雅意依送。彩裙起舞温馨。款踪朦，恍共钗凤。词林正韵:无名氏体🎀玉楼人*颖文:王安珍柳亭回首同欣景。依约有，芳踪目顶。盈怀倾意温存，娇媚弄影。柔痕却共残英骋。瑟损神，絮满愁整。阆园叶落销魂。褶枝幽，暗绕山岭。词林正韵:无名氏体🎀玉楼人*妩文:王安珍昔时莲巷同游圃。疏影有，池塘艳处。羞颦盈目端装，媚芳踪，风彩若故。芙蓉又把鸳鸯妒。恍若娇，款迹依赴。玉人踏阆临亭，婉情融，缓迈凌步。词林正韵:无名氏体🎀玉楼人*又文:王安珍昔时莲巷曾携手。罗袖舞，池塘岸后。凌波微步翩跹，少芳踪，风彩似旧。芙蓉又把春心鬭。恍若娇，媚影微凑。玉人踏阆临堂，婉情融，缓启樱口。词林正韵:无名氏体王安珍巴以冲突厉害了超话主持人L王安珍666的微博视频,2023-10-30 21:42
184,伊朗称战争扩大将让以色列彻底毁灭世界震怒！网友爆料：德国人发起了“袭击”，而针对以色列的抗议游行也蔓延到了世界各地！你怎么看？以色列L电影拆台君的微博视频,2023-10-31 23:11
185,以色列大军继续集结，巴勒斯坦人前途渺茫以色列巴勒斯坦冲突L枯叶秋蝉的微博视频,2023-10-13 15:51
186,抖音上，有一个老哥拿着18万彩礼，全国到处吃喝玩乐，每天消费大概都在1一百到两百之间（前期没有备注不知道多少），目前已经128天了,2023-10-06 17:34
187,巴勒斯坦儿童向普京求救：“请求您制止这场残酷的种族战争”，视频中可以听到轰炸声和炮击声。巴裔美国男子42名亲属在加沙遇难L观察者网的微博视频,2023-10-31 19:54
188,请与以色列站在一起，反对恐怖主义。,2023-10-12 17:03
189,加沙市中心希法医院，小孩们……L笑圈少女的微博视频,2023-10-20 14:25
190,以色列军队进入约旦河西岸，滥杀无辜，老人，妇女，孩子，残疾人，罄竹难书巴以冲突L幽灵礼物的微博视频,2023-10-31 22:51
191,也门胡塞武装称向以色列发起打击最新消息：也门胡塞武装军事发言人叶海亚（如图）今天（10月31日）发表声明证实，“胡塞武装通过弹道导弹和无人机对以色列多个目标进行了大规模打击”。声明称，“这是对以色列目标的第三次打击，未来还将有更多的打击行动”。当地时间今天（10月31日）上午，以色列红海海滨城市埃拉特（如视频）响起防空警报。以色列军方随即宣布击落了一个“正在接近以色列的空中目标”。以色列军方今天（10月31日）还表示，“自本轮巴以冲突爆发以来，以军首次使用‘箭’式反导系统在红海区域拦截了一枚射向以色列的地对地导弹”。而据路透社援引以军知情人士消息报道称，“击落空中目标”和“拦截地对地导弹”并非同一起事件,2023-10-31 21:42
192,中方霸气回怼美方指责【美方指责中俄否决巴以决议中方当场予以回应：这个锅中国不背！】当地时间30日，在联合国安理会会议上，美国常驻联合国代表指责中俄否决美方提交的关于巴以局势的决议草案。对此，中国常驻联合国代表张军表示：“这是我今天听到的最没有道理的话。说白了，美国就是想让中国对今天在加沙出现的局面负责，这个‘锅’中国背不起。美国代表应该非常清楚中东局势如何发展到今天，清楚在这中间美国到底都做了什么。是美国先后否决了几十项安理会关于中东和巴以问题的决议草案，导致安理会在相关问题上难以有效作为。美国代表应该也清楚，中国及其他一些国家为什么投票反对美国上周提出的决议草案。这项决议草案完全忽视全世界特别是阿拉伯国家关于停火止战的强烈呼声，完全混淆是非，还将给局势进一步升级大开绿灯。对这样的草案，中国完全有理由投反对票！”（央视记者徐德智）L总台环球资讯的微博视频,2023-10-31 15:48
193,逗孩子逗着逗着就哭了，他是不是在想这样的日子什么时候才能结束呢刷到好多惨烈的视频，真的没有勇气发出来伊朗称战争扩大将让以色列彻底毁灭小黄鸭话军事L正义小黄鸭的微博视频,2023-10-31 19:46
194,中方霸气回怼美方指责【美方指责中俄否决巴以决议中方当场予以回应：这个锅中国不背！】当地时间30日，在联合国安理会会议上，美国常驻联合国代表指责中俄否决美方提交的关于巴以局势的决议草案。对此，中国常驻联合国代表张军表示：“这是我今天听到的最没有道理的话。说白了，美国就是想让中国对今天在加沙出现的局面负责，这个‘锅’中国背不起。美国代表应该非常清楚中东局势如何发展到今天，清楚在这中间美国到底都做了什么。是美国先后否决了几十项安理会关于中东和巴以问题的决议草案，导致安理会在相关问题上难以有效作为。美国代表应该也清楚，中国及其他一些国家为什么投票反对美国上周提出的决议草案。这项决议草案完全忽视全世界特别是阿拉伯国家关于停火止战的强烈呼声，完全混淆是非，还将给局势进一步升级大开绿灯。对这样的草案，中国完全有理由投反对票！”@总台环球资讯L总台环球资讯的微博视频,2023-10-31 16:56
195,巴勒斯坦巴以冲突以色列国防军士兵和其宣称的哈马斯战俘。有一段以军士兵向阵亡的巴勒斯坦抵抗人员遗体撒尿的镜头。L近卫T-34的微博视频,2023-10-31 19:36
196,老天爷既然让他来到这个世界，为什么不给他一个健全的身体🙏🙏🙏L观察国际的微博视频,2023-10-20 10:22
197,希望这个孩子能被救活🙏🙏🙏以色列拒绝联合国停火决议小黄鸭话军事L正义小黄鸭的微博视频,2023-10-31 19:42
198,俄乌局势新进展巴以冲突俄军突击队攻占斯波尔诺耶地区一处乌军阵地。俄军士兵冒着乌军反击炮火给一名幸存乌军伤兵进行紧急战地医疗救护L地球镜头Aa的微博视频,2023-10-31 14:46
199,今天本是这位巴勒斯坦小天使的生日，然而。。。罢了，还是祝你生日快乐L上帝之鹰_5zn的微博视频,2023-10-31 23:56
200,🔺生动展示刚来到中东的贫穷非法定居者是如何在🇮🇱军警支持下强占当地🇵🇸人房子的。🔺它们和这片土地没有任何关系。🔺理解了这一点，就能理解我大使在安理会说的“占领方”是什么意思。中方呼吁巴以冲突方立即实现人道休战加沙孕妇在无麻醉下接受剖腹产L包容万物恒河水的微博视频,2023-10-31 12:57
201,赵立坚赵立坚中方对巴以冲突双方实现停火表示欢迎巴以冲突L江逸川不负神明的微博视频,2023-10-10 19:51
202,加拿大在干什么？这是公开跳出来干涉中国内政，而且还是在中国的互联网上，实在是丧心病狂啊！我个人是多次去过藏区，也多次去过藏区的寄宿学校！藏区的寄宿学校和内地的寄宿学校没有本质区别，甚至有些地区的条件设施还高于内地农村城镇地区呢！藏区幅员辽阔，居民住宿的松散，大家离得远，假如不建设寄宿学校，在山上几户人，怎么可能建一所学校，如何让藏区的孩子们接受教育？寄宿学校的住宿条件和教学条件，在扶贫的几年中变化极大，提高极多，不少学校都有校车接送学生，方便孩子们的周末放学和上学，替家长们减轻了很大的负担！而且，很多藏区学校都是双语教学，既有藏语，也有普通话，地方上的文化和全国的发展相协调相同步，这是帮助藏区孩子们平衡发展，健康成长，全面提高，这是被当地老乡翘大拇指的！没有寄宿学校，多少住宿分散、偏僻的孩子们怎么去接受教育？加拿大是要剥夺这些孩子们的受教育的权利吗？然而，不懂装懂的加拿大，为了反华，故意混淆是非，故意造谣，故意大放厥词，故意破坏中华民族大家庭的团结，故意干涉中国内政，而且还是在中国互联网上进行，实在可恨，实在可憎，实在可恶！,2023-10-31 23:08
203,他出走大漠隐姓埋名28年，有他没人敢动中国他为国人安全，中华之崛起出走大漠，隐姓埋名28年，令中国保持核威慑的基础上领先世界！有他在，没人敢动中国！致敬民族脊梁于敏！L大风评点的微博视频,2023-10-21 18:56
204,【3名中国公民在巴以冲突中不幸遇难】外交部发言人称，目前已确认有3名中国公民在新一轮巴以冲突中不幸遇难，2人失联、数人受伤。我们对遇难者表示沉痛哀悼，向遇难者家属和伤者表示诚挚慰问。中国有关驻外外交机构正全力协调救治伤员，做好遇难者善后工作，敦促外方全力搜救失联人员，采取一切有效措施，保障中方人员和机构安全。三名中国公民在巴以冲突中遇难L中国长安网的微博视频,2023-10-12 17:26
205,哈马斯公布人质视频，三名女性斥责内塔尼亚胡：你想/杀/了我们（看点）以色列巴以冲突L钱局长本人的微博视频,2023-10-31 23:41
206,巴以冲突，美国支持以色列对加沙使用暴力，这是西方海盗民族在遇到被掠夺者反抗时的通常做法。但是，这种做法只有在对方毫无反抗能力时才能奏效。比如欧洲殖民者对美洲、澳洲、非洲……原住民的征服。因为有人数对比的差异，一旦对方具备了反抗能力，哪怕武器上存在代差，都会使殖民者的统治成本大大高于掠夺收益。这也是美国作为超级大国，却在越南、伊拉克、阿富汗……铩羽而归的原因。海盗民族作为次生文明，完全不能领会中华原生文明以德服人的天下观，在人类拥有大规模杀伤性武器的今天，他们解决争端的方式，只能将人类引向相互毁灭的深渊。在海盗民族主导的世界里，巴以冲突是没有解法的，人类避免自我毁灭的唯一希望，就是中华文明再度引领世界，这是中国的历史责任，我们没有任何推卸的理由。,2023-10-31 17:12
207,舵手军事中东和平新进展，中东人民都团结起来，还怕以色列继续猖狂！L舵手无畏的微博视频,2023-10-29 22:11
208,【美国电视主持人浓缩讲解：伊斯兰1400年历史】巴以冲突穆斯林的历史是血腥的，其内部也是如此。是1993年夏季由美国哈佛大学教授塞缪尔·P·亨廷顿在《文明冲突论》（英语：TheClashofCivilizations）的文章中的观点。L身为里中横的微博视频,2023-10-31 20:00
209,挑战3分钟用人话讲完巴以冲突的前世今生！巴以冲突热点新闻事件巴以冲突升级L李三金Alex看世界的微博视频,2023-10-12 10:03
210,姨妈巾月经姨妈巾月经姨妈巾月经姨妈巾月经姨妈巾月经姨妈巾月经姨妈巾月经姨妈巾月经姨妈巾月经姨妈巾月经姨妈巾月经姨妈巾月经姨妈巾月经姨妈巾月经姨妈巾月经姨妈巾月经姨妈巾月经姨妈巾月经姨妈巾月经姨妈巾月经姨妈巾月经,2023-10-28 16:31
211,无论在乌克兰问题上，还是巴以冲突上，水爷的立场与发声都让人肃然起敬！🫡L呆湾呱呱叫的微博视频,2023-10-31 16:49
212,美军在叙多处基地遭伊拉克民兵武装袭击L王亶文的微博视频,2023-10-30 11:47
213,【梅新育：以色列-哈马斯战争之际重温旧作《现代恐怖主义和极端主义不是对“美国压迫”的反应》】微信公号“梅新育论衡”文章链接：O梅新育：现代恐怖主义和极端主义不是对“美国压迫”的反应；以色列-哈马斯战争持续，舆论风潮癫狂，肆无忌惮造谣捏造被某些人视为“正义”，当是之时，回顾六年前旧作。实事求是，站稳中国立场。某些自以为“有利”的做法，实际长期效果是在挖掘中华文明和中国官方意识形态的根基。议论的基础应当是了解。,2023-10-31 07:09
214,巨人最终之战要来了《进击的巨人》最终季完结篇（后篇）将于11月4日23点开播！时长85分钟！中字预计5号夜里出！出了资源会发评！懂赞！评附巨人前四季+漫画！,2023-10-28 19:46
215,巴以冲突的根源可以追溯到多个因素。首先，两个民族对同一块土地提出了排他性的主权要求，这是根本原因。具体来说，巴勒斯坦人和以色列人都有自己的历史和文化背景，以及对同一块土地的独特看法和要求。这种主权要求在历史上和现代都引发了激烈的争议和冲突。其次，历史上的殖民行为也是巴以冲突的一个重要根源。在巴勒斯坦地区，犹太人移民在19世纪末开始大量涌入，而在英国托管期间，英国实施了一系列政策，鼓励犹太人移民并对巴勒斯坦人进行压迫。这些政策导致了巴勒斯坦地区的土地被大量剥夺，许多巴勒斯坦人失去了自己的家园和生活来源。此外，大国干预也是巴以冲突的一个重要因素。在冷战期间，美国等西方国家支持以色列，以遏制阿拉伯国家的影响力。而在现代，美国对以色列的支持也是持续的，这导致了巴勒斯坦人在国际上的声音和地位相对较弱。最后，宗教和文化的差异也是巴以冲突的一个重要因素。巴勒斯坦人和以色列人都有自己的宗教和文化传统，这些传统在历史上的交汇和冲突也导致了双方之间的矛盾和仇恨。总之，巴以冲突是一个复杂的问题，其根源涉及到历史、政治、文化和宗教等多个方面。要解决这个问题，需要从多个角度出发，采取综合性的措施，包括通过对话和协商来达成双方都能接受的解决方案。,2023-10-30 14:14
216,加沙医生抢救一名腹中婴儿，婴儿的母亲刚被炸死孩子从出生就没了母亲，是个正常人，不会为母亲报仇？L斯图卡98的微博视频,2023-10-31 23:46
217,伊朗称战争扩大将让以色列彻底毁灭【伊朗：战争扩大将让以色列“彻底毁灭”】据伊朗新闻电视台网站10月30日报道，伊朗负责政治事务的副外长警告说，如果以色列在加沙地带针对巴勒斯坦抵抗力量发动的战争进一步扩大，将导致这个政权的“彻底毁灭”。L参考消息的微博视频,2023-10-31 17:45
218,以色列情报总部遭突袭！巴勒斯坦敢死队冲入以色列情报中心。现代战争真是超乎你的想象，不要以为弱者就没有反击的力量，当你有坚强的意志，有视死如归的决心时，战争形势会逆转的。（来源：twitter）,2023-10-28 19:56
219,投降主义的论调从来没变过!1、汪精卫：不惜一切代价抗日是危险的2、周佛海：我国无法战胜装备精良的日军3、丁默邨：战争对民国消耗极大，举国抗日不可行。,2023-10-11 13:33
220,以色列🇮🇱海豹突击队的女兵的最终结局：不久前还在镜头前跳舞，还是一条鲜活的生命...战争对于任何人来说都是残酷的，藐视生命是不会有好结果的～L大大大餅干丶的微博视频,2023-10-29 18:37
221,以色列自卫L伊朗驻华大使馆的微博视频,2023-10-27 23:06
222,巴以局势观察解读巴以冲突哈马斯称愿意与以方交换双方所有被扣押人员哈马斯为何在此时表态称愿意与以方交换双方所有被扣押人员？L李绍先观察的微博视频,2023-10-31 20:00
223,巴以局势观察解读巴以冲突美国官员称不支持巴以此时停火美国官员表态称不支持巴以此时停火背后有哪些考量？L李绍先观察的微博视频,2023-10-31 19:44
224,图一要表达的意思，可以用图二的台词来概括,2023-10-25 01:19
225,O今天是我的生日06月18日，来祝福我吧~,2023-06-18 02:48
226,站在世界人民对立面的战争贩子们～,2023-10-29 14:42
227,@联合国秘书长古特雷斯：“在我考虑辞职前，希望以色列归还联合国授予的土地！”L叶建勛的微博视频,2023-10-30 09:44
228,一个巴勒斯坦小女孩在袭击中受伤导致失明，这就是以色列要打击的“哈马斯”吗？巴以冲突L空天砺剑的微博视频,2023-10-31 09:14
229,在联合国会议上，巴勒斯坦代表带着哽咽的声音问道：“是我们的信仰不对，还是我们的肤色不对，抑或是我们的国籍出身不对？”拿着演讲稿的曼苏尔，双手不停地颤抖着，他愤怒而又无可奈何地说道：“我们在这里开会的同时，加沙的巴勒斯坦人却正在遭受空袭，他们的家人正在被杀害，医院正在瘫痪，居民区正在被摧毁，人们四处逃窜，却根本找不到安身之所。”他接着说道：“不管如何，孩子和平民都是无辜的，大家只有一个目的，那就是活下去！”衷心希望战争能够消失，人们能够安康，愿世界永远和平！,2023-10-31 09:39
230,彭博社：美国政府官员私下承认，中东危机已经颠覆了他们全球方针的关键原则——美国原本期望，长期动荡的中东地区，终于进入了一个不需要美国做出如此大承诺的时期，从而使华盛顿能够更多地关注来自中国的威胁。官员们表示，美国的向东转向可能会放缓。O网页链接,2023-10-29 11:18
231,【此刻，一起转发！祝贺神十七发射圆满成功】神舟十七号载人飞船与火箭成功分离，进入预定轨道，航天员乘组状态良好，发射取得圆满成功。接下来，期待神十六神十七航天员会师太空！点赞中国航天！神十七发射现场,2023-10-26 11:32
232,我发现他在椅子里睡着了，脑袋耷拉在一旁，脸上毫无血色，身体疲惫得像是散了架。我碰了碰他的肩膀，他苏醒得很慢，就好像从他所在的地方到我所在的地方有好长一段路。,2023-10-30 16:44
233,这位光着脚的小女孩本来露着微笑，但抬头的那一刻起的表情立马变了，应该是战争让她内心充满了恐惧巴勒斯坦以色列L南归孤夷的微博视频,2023-10-31 16:50
234,加沙被以色列切断通讯信号之后，一位老人尝试通过新闻媒体告知他的家人他还活着，他一直对镜头比划巴勒斯坦以色列L南归孤夷的微博视频,2023-10-30 23:30
235,10月12号，美国海军福特号航母(CVN-78)移动到塞浦路斯岛以西海域。在波斯湾部署的巴丹号两栖攻击舰(LHD-5)移动到波斯湾中部。美军将派第二艘航母支持以色列美国航母动态,2023-10-12 19:17
236,巴以边界以色列军事集结点变空！以军持续打击加沙北部，烈度空前！几乎每分钟都能听到数次剧烈炮击声以军对加沙地带的军事行动目前已经进入第二阶段。我们今天一路进入加沙地带边界发现，原本集结了大批坦克、装甲车的以色列边界地区军事集结点，现在已经变空了很多，以色列陆军部队已经进入到加沙地点作战，目前正在对加沙地带发起猛烈攻击，平均每分钟都能听到数次剧烈炮击声。有时候炮击声之剧烈，我们站的地方都能感受到地面的震动！以军扩大在加沙地带地面行动规模巴以局势观察以色列巴勒斯坦冲突L慧慧陈Miss的微博视频,2023-10-29 20:45
237,汪文斌转发L海浪8492721的微博视频,2023-10-31 16:48
238,5月29日北派实时（河蟹重发），北派明王全网独家揭秘，AI的Y谋，tian制时代，雇zhan时代。,2023-05-29 09:03
239,马斯克X公司估值已降至收购价一半以下【马斯克X公司估值已降至190亿美元，收购一年缩水55%】据《华尔街日报》(TheWallStreetJournal)见到的一份内部文件，X将基于45美元/股的价格向员工授予股票。这意味着X的估值比2022年10月马斯克以440亿美元收购该公司时的入手价低约55%，据知情人士称，马斯克的社交媒体公司X现在的估值已降至190亿美元。自从被收购以来，Twitter的大部分员工都被解雇或辞职。马斯克将公司改名为X，改变了部分内容规则，并损失了一半以上的广告收入。@五环短视频L五环短视频的微博视频,2023-10-31 16:23
240,将未知变为具象可感的技术，让幻想变为现实。虹虹带你领略现场级观影体验，直达神舟十七号腾飞一跃现场🚀，送心愿上太空，为你营造难忘瞬间。关注我，转发并在评论区写下你心中的最难忘瞬间，11.3日即可参与抽免费电视大奖。选购星辰之礼O网页链接焕新家中一平方，拥抱幸福每一天。免单航线第二站已起航，快戳评论区了解详情。,2023-10-27 17:36
