,date,words
0,2023-10-01 23:40,"['人民', '主权', '石头', '军事', '军事', '新闻', '局势', '军事', '博', '视频']"
1,2023-10-01 23:04,"['简讯', '群体', '梦', '议员', '真主党', '对话', '议员', '对话', '总统', '军队', '流离失所', '营地', '民防', '部门', '火灾', '议员', '政府', '压力', '流离失所', '议员', '真主党', '对话', '总统', '职位', '民族', '形象', '危机', '原因', '团体', '倡议', '大火', '人数', '人', '媒体', '导弹', '边境区', '人口稠密', '村庄', '爆炸事件', '公民', '措辞', '爆炸事件', '实体', '经济', '政策', '实体', '飞行员', '领土', '主义者', '旅', '导火索', '军队', '借口', '渔民', '军队', '边界', '部队', '指挥官', '省', '导弹', '国家', '军事', '人员', '弹药库', '国家', '委员会', '主席', '军事行动', '基辅', '政权', '地区', '居民', '公民', '身份', '军事行动', '基辅', '政权', '军队', '方向', '敌人', '人', '国防', '大臣', '军方', '领导人', '计划', '部署', '军队', '总理', '省', '人', '人', '流离失所', '议长', '众议院', '法案', '政府', '天', '资金', '议员', '关心', '命运', '国家', '政府', '检察官', '官员', '纳税', '申报单', '总统', '危机', '信任投票', '军队', '部队', '发生冲突', '记录', '警卫队', '船只', '移民', '总统']"
2,2023-10-01 21:21,"['售楼部', '外籍人士', '卖房子', '流利', '笑容', '感觉', '小时候', '领奖', '话', '手指头', '单词', '脑细胞', '消费观念', '手压', '骨头', '手腕', '重物', '智能', '手表', '记录', '感觉', '功能性', '买单', '穿衣服', '消费水平', '棉质', '长裤', '品牌', '材料', '版型', '感觉', '价钱', '外国人', '故事', '消费观', '目标', '废物', '衣服', '自律']"
3,2023-10-01 16:39,"['事', '期', '外媒', '协议', '实质', '坦', '全球', '霸权', '神坛', '局势', '世纪', '难题', '博', '视频']"
4,2023-10-01 16:02,"['总体', '人', '内耗', '理', '信念', '原本', '外求', '差异', '共识', '心理', '状态', '状态', '信念', '路', '宇宙', '答案', '围观', '指点', '评论', '人生']"
5,2023-10-01 09:40,"['争议', '飞地', '飞地', '人口', '地方', '当局', '难民', '飞地', '人口', '家园', '军事', '攻势', '地区', '人口', '时间', '内', '种族', '居民', '军队', '地区', '飞地', '道路', '汽车', '卡车', '家庭', '物品', '人', '总理', '电视转播', '政府', '会议', '种族', '国际', '声明', '历史', '统计数据', '世纪', '飞地', '国际', '中心', '国家', '解体', '战争', '战争', '分离主义', '分子', '地区', '平民', '驱逐出境', '国家', '飞地', '国际', '外交', '决定性', '部署', '维和部队', '部队', '飞地', '军事', '攻势', '当局', '内', '国家', '领导人', '总统', '声称', '权利', '民族主义', '地区', '历史', '部队', '重新占领', '地区', '文化', '遗址', '战争', '家园', '重新占领', '地区', '国家', '名', '流离失所', '家园', '难民', '飞地', '安全部门', '分离主义', '武装部队', '指挥官', '国家', '领导人', '恐怖主义']"
6,2023-10-01 09:19,"['输球', '球帝', '球迷', '浪费时间', '兴趣', '情况', '人', '理由', '舆论', '刀子', '观点', '言论', '人人', '情况', '困境', '时', '单向', '机器', '例子', '经典', '时期', '球迷', '球队', '汗水', '球衣', '态度', '球场上', '态度', '球迷', '观点', '球队', '人', '球迷', '会人', '球迷', '消耗', '消耗', '临界点', '临界点', '代表', '情况', '情绪', '网络', '球迷', '时代', '人', '球队', '俱乐部', '情绪', '情绪稳定', '盲目', '意见', '人人', '理由', '情绪', '代入', '言论', '侮辱性', '言论', '越界', '出格', '球迷', '人', '流量', '观点', '时期', '流量', '罪恶', '时期', '流量', '分餐', '舆论', '事情', '人', '立场', '理性', '群体', '前提', '情况', '言论', '舆论', '事实', '内容', '立场', '化', '言论', '皇马', '时期', '争端', '球迷', '代入', '人', '球员', '好感', '皇马', '后者', '球迷', '好感', '关键', '前提', '人迷', '情况', '人', '纯度', '串子', '立场', '化', '事情', '多媒体', '人', '人', '关系', '时间', '言论', '舆论', '粉丝', '观点', '言论', '球队', '成绩', '趋势', '球迷', '好感', '立场', '前提', '球迷', '博主', '观点', '区别', '球迷', '观点', '太', '情绪化', '扣帽子', '事情', '前提', '立场', '盲目', '人', '意见', '药厂', '名宿', '足球', '功利主义', '足球', '成绩', '理由', '理性', '立场', '身份', '情况', '舆论', '媒体', '生长', '球迷', '个体', '力', '言论', '事件', '球迷', '宿敌', '原因', '言论', '前提', '负面', '情绪', '正人', '级别', '选人', '决策', '情况', '情绪', '细节', '舆论', '情况', '状态', '情绪', '态度', '状态', '球迷', '情况', '机会', '人', '立场', '后者', '不力', '球员', '态度', '选择性', '责任', '言论', '皇马', '成就', '事件', '定性', '评价', '立场', '情绪']"
7,2023-10-25 17:26,"['人', '汗', '汗']"
8,2023-10-30 15:58,"['恐怖分子', '恐怖分子', '医院', '利用', '医院', '中心', '储存', '物资', '重点', '场所', '总领事馆', '博', '视频']"
9,2023-10-08 06:00,"['市长', '书记', '村霸', '保护伞', '法院', '法官', '伪造证据', '人民', '红军', '锄奸', '干部', '视频', '新闻', '市长', '直播间', '价格', '村霸', '保护伞', '保护伞', '合法', '农业', '农村', '局长', '网页', '链接']"
10,2023-10-08 05:45,"['市长', '书记', '村霸', '保护伞', '法院', '法官', '伪造证据', '人民', '红军', '锄奸', '干部', '视频', '新闻', '市长', '直播间', '价格', '村霸', '保护伞', '保护伞', '合法', '农业', '农村', '局长', '保护伞', '合法', '新闻', '博', '法官', '新闻', '农业', '农村', '局长', '保护伞', '合法', '网页', '链接', '网页', '链接']"
11,2023-10-08 05:28,"['市长', '村霸', '保护伞', '法院', '法官', '伪造证据', '人民', '红军', '锄奸', '保护伞', '合法', '农业', '农村', '局长', '保护伞', '合法', '新闻', '博', '法官', '新闻', '农业', '农村', '局长', '保护伞', '合法', '网页', '链接', '市长', '保护伞', '合法', '网页', '链接', '网页', '链接']"
12,2023-10-13 18:25,"['市长', '书记', '书记', '政府', '被告', '被告方', '被告', '农业', '农村', '局长', '村霸', '保护伞', '合法', '网页', '链接']"
13,2023-10-08 03:49,"['书记', '政府', '被告', '市长', '书记', '市政府', '被告方', '被告', '农业', '农村', '局长', '村霸', '保护伞', '合法', '网页', '链接']"
14,2023-10-14 16:56,"['市长', '书记', '村霸', '保护伞', '医药', '风暴', '新闻', '网页', '链接', '市长', '直播间', '价格', '村霸', '保护伞', '保护伞', '合法', '农业', '网页', '链接', '市长', '书记']"
15,2023-08-21 18:52,"['书记', '政府', '被告方', '被告', '书记', '方巷', '村霸', '市长', '书记', '医药', '风暴', '被告', '新闻', '大学', '明镜', '博', '视频']"
16,2023-10-31 11:14,"['方人', '时间', '局势', '方', '敌对行动', '人', '全力', '局势', '方', '国际', '人道', '法', '义务', '人', '灾难', '外交', '人员', '对话', '空间', '危机', '政治', '轨道', '当事方', '地缘', '政治', '考量', '战争', '作出努力', '代表', '人', '民众', '国际', '人道', '法', '重要性', '法治', '开绿灯', '全世界', '目光', '历史记录', '国际', '时讯', '国际', '时讯', '视频']"
17,2023-10-24 07:47,"['毽客', '视线', '高层', '底层', '屌丝', '业绩', '地带', '人', '种地', '高楼', '供水', '妹币', '农村', '城镇居民', '平均收入', '统计数据', '城镇居民', '平均工资', '小孩', '领', '美金', '人口', '儿童', '钱', '事生娃', '武器', '图', '博', '同情', '毽客', '逆风', '博', '视频']"
18,2023-09-04 06:48,"['书记', '政府', '被告方', '被告', '被告', '书记', '方巷', '村霸', '新闻', '市长', '书记', '医药', '风暴', '医药', '晚会', '大学', '网页', '链接', '明镜', '博', '视频']"
19,2023-09-17 22:59,"['书记', '政府', '被告方', '被告', '被告', '书记', '方巷', '村霸', '新闻', '市长', '书记', '医药', '晚会', '大学', '网页', '链接', '明镜', '博', '视频']"
20,2023-10-28 20:29,"['驻华大使', '事儿', '博', '视频']"
21,2023-10-19 08:50,"['军阀', '军队']"
22,2023-10-20 22:55,"['农田', '军事', '时间', '总台', '记者', '前线', '农田', '军事', '前线', '推土机', '火箭弹', '外界', '地面', '军事', '地带', '人道主义', '危机', '形势', '总台', '记者', '新闻', '博', '视频']"
23,2021-06-16 18:00,"['双', '视角', '简史', '整理', '渊源', '青蛙', '刀', '博', '视频']"
24,2023-10-26 08:26,"['人', '战狼', '外交', '维权', '狼', '秘书长', '疯狗', '外交', '代表', '秘书长']"
25,2023-10-28 11:35,"['文学', '书单', '博', '视频']"
26,2023-10-24 17:10,"['国', '新闻', '博', '视频']"
27,2023-10-29 14:31,"['战争', '人', '博', '视频']"
28,2023-10-30 18:04,"['儿童', '伤心', '烟', '博', '视频']"
29,2023-08-09 22:34,"['战争', '世界', '侵略国', '领土', '习惯', '战争', '战争']"
30,2021-04-25 12:33,"['战', '科教片', '难民营', '战', '新闻', '片长', '社', '摄制组', '记录', '战役', '视频', '精彩视频', '政府军', '装甲师', '旅', '内行', '门道', '外行', '门道', '地球', '镜头', '博', '视频']"
31,2023-10-21 15:53,"['局势', '人', '地区', '博', '视频']"
32,2023-10-29 10:13,"['石', '老师', '视频']"
33,2021-04-11 18:18,"['战', '社', '经典', '科教片', '巷战', '坦克', '战术', '地区', '客观', '军队', '地区', '战术', '战法', '车臣', '战争', '机翻', '字幕', '团队', '地球', '镜头', '博', '视频']"
34,2023-10-24 16:38,['文化']
35,2023-10-09 21:16,"['大使馆', '国旗', '人民', '爱人']"
36,2022-11-22 22:58,"['大使馆', '大使', '国际', '历史', '国家', '殖民', '无辜', '民众', '恶棍', '大使馆', '血债', '事', '血债', '恭候']"
37,2023-10-29 19:50,"['群里', '八卦', '姐姐', '土著', '单位', '家庭', '独生女', '单身', '成家', '状态', '房有车', '条件', '条件', '孩子', '孩子', '压根', '真人', '房', '车', '公务员', '人', '打麻将', '大姐', '理由', '对方', '情趣', '姐姐', '全家人', '人选', '人', '事情', '婚恋', '市场', '条件', '男', '执念路']"
38,2023-10-23 12:58,"['移民', '后果', '人', '土地', '晚巴', '人', '博', '视频']"
39,2023-10-15 12:12,"['地區', '大陸巴']"
40,2023-10-23 23:26,"['新闻', '殖人', '傻事', '殖人']"
41,2023-10-11 14:43,"['世界', '资本主义', '原罪', '鲜血', '强盗', '资本家', '新衣', '秩序', '维护者', '身份', '顺服', '系统性', '代表', '世界', '嗜血', '本性']"
42,2022-09-17 08:40,"['视频', '星空', '博', '视频']"
43,2023-10-27 18:20,"['地图', '地图', '地带', '地图', '世界', '博', '视频']"
44,2023-10-20 08:35,"['石', '老师', '角度', '另类', '柱', '博', '视频']"
45,2023-10-27 10:39,"['焦点', '神话', '醍醐', '能量', '博', '视频']"
46,2023-10-31 16:39,"['全能', '猪', '头', '猪', '狗', '牛', '结合体', '狗', '护院', '犁地', '视频', '猪', '视频']"
47,2022-10-23 09:55,"['博', '爆料', '田', '时隔', '规划', '铁皮', '厂房', '成窝案', '城管', '历史', '遗精', '错口', '合法', '居民', '地方', '工厂', '特办', '噪声污染', '防治法', '建筑', '消防', '保护伞', '杰作', '部', '政法', '苍蝇', '小', '群众', '老百姓', '时间', '频率', '基层干部', '队伍', '基层干部', '队伍', '群众', '群众', '个人利益', '环境', '网']"
48,2023-08-26 02:04,"['头条', '文章', '浪费', '国家', '财政部门', '浪费', '国家', '财政部门']"
49,2023-10-29 23:01,"['州长', '角', '经济', '博', '视频']"
50,2022-12-03 10:05,"['轰炸机', '轰炸机', '视频']"
51,2023-10-23 08:56,"['字字珠玑', '手', '博', '视频']"
52,2023-10-27 12:33,"['炸', '舆论', '铺垫', '考题', '导火索']"
53,2023-09-26 21:56,"['投资方', '音', '焦点', '兔子', '人', '博', '动漫', '社', '视频']"
54,2023-10-28 08:31,"['命运', '世界', '地面', '规模', '医疗', '音乐', '手绘', '博', '视频']"
55,2023-10-31 14:56,"['地图', '国家', '地理杂志', '主义者']"
56,2023-10-14 13:17,"['关心', '大使馆', '博', '视频']"
57,2023-10-18 19:36,[]
58,2023-10-02 05:14,"['村霸', '保护伞', '市长', '市长', '书记', '村霸', '保护伞', '晚会', '直播间', '价格', '网页', '链接']"
59,2023-10-06 16:16,"['歌会', '主持人', '桥本', '主题', '边界', '交流', '活力', '世界', '局势', '时代', '音乐', '力量', '事情', '国家', '语言', '边界', '人人', '感情', '音乐', '力量', '歌曲', '家人', '朋友', '电视', '里程碑', '现场']"
60,2023-10-15 15:31,[]
61,2023-10-09 00:14,"['视频', '小风', '博', '视频']"
62,2023-10-28 10:16,"['战争', '新闻', '大学', '电影', '名单', '战争', '电影', '电影', '电影', '意味', '母亲', '孩子']"
63,2023-07-20 18:00,"['运动员', '餐厅', '主厨', '做菜', '大运', '故事', '思皮', '视频']"
64,2015-11-14 11:05,"['寒心', '新闻', '世界']"
65,2023-10-25 12:47,"['婴儿', '浑身', '上帝', '鹰', '博', '视频']"
66,2023-10-11 17:09,"['鲶鱼', '官方', '通报', '鲶鱼', '事件', '地球', '博', '视频', '视频']"
67,2023-10-08 18:53,"['焦点', '方巴', '表态', '反动派', '纸老虎']"
68,2023-10-07 05:50,"['市长', '书记', '书记', '政府', '被告', '被告方', '被告', '农业', '农村', '局长', '村霸', '保护伞', '合法', '网页', '链接']"
69,2023-10-09 02:15,"['村霸', '保护伞', '法院', '法官', '伪造证据', '人民', '红军', '锄奸', '村干部', '原', '视频', '医药', '风暴', '新闻', '市长', '书记', '村霸', '保护伞', '合法', '农业', '农村', '局长', '保护伞', '合法', '网页', '链接']"
70,2023-10-09 02:27,"['村霸', '保护伞', '市长', '书记', '法院', '法官', '伪造证据', '人民', '红军', '锄奸', '医药', '风暴', '村干部', '原', '视频', '新闻', '市长', '书记', '村霸', '保护伞', '合法', '农业', '农村', '局长', '保护伞', '合法', '网页', '链接']"
71,2023-09-29 06:04,"['村霸', '保护伞', '市长', '书记', '直播间', '价格', '医药', '风暴', '新闻', '市长', '书记', '村霸', '保护伞', '合法', '农业', '农村', '局长', '保护伞', '合法', '事', '网页', '链接', '网页', '链接', '保护伞', '合法', '网页', '链接']"
72,2023-10-24 21:34,"['旗号', '财团', '夹带', '私货', '圣经', '新教徒', '政策', '全文', '全世界', '情报部门', '内', '地方', '有线', '人', '特工', '警告', '地点', '重兵', '布防', '边界', '视频', '防线', '图', '国家', '记者', '情报', '情报', '突破防线', '图', '地带', '边境', '森严', '部署', '缓冲区', '人员', '摄像头', '哨塔', '围栏', '地面', '金属', '墙', '传感器', '金属', '墙', '无线', '武器', '系统', '摄像头', '哨塔', '警戒', '摄像头', '传感器', '围栏', '猫', '部队', '警觉', '武装', '分子', '推土机', '系统', '门户', '人员', '屏障', '全球', '科技', '部队', '经验丰富', '无力', '人', '部队', '边境', '军事援助', '地带', '小时', '老兵', '快速反应', '方案', '图', '社会', '总统', '司法', '制衡作用', '精英', '国民', '理由', '平民', '版图', '国防部长', '人口', '断电', '断粮', '断水', '人形', '动物', '人', '动物', '妇女儿童', '动物', '信仰', '首席', '政要', '铁粉', '总理', '图说', '律法', '受害者', '罪人', '灵魂', '图', '精英', '草芥', '大众', '命', '草芥', '教导', '犹太教徒', '地位', '圣书', '人', '图', '表面', '圣经', '新教徒', '热心', '政治', '工程', '信仰', '耶稣基督', '十字架', '人', '世纪', '人', '宗教', '民族主义', '人手', '精英', '精神', '新教徒', '阴间', '粪便', '图', '邪术', '假', '先知', '士兵', '私生子', '基督徒', '人', '粪土', '基督徒', '观点', '资本', '圣经', '植入', '私货', '基督徒', '邪说', '传统', '正统', '教会', '传统', '教会', '社会', '圣经', '银行家', '企业家', '政治家', '哲学家', '图', '程度', '势力', '信是', '男爵', '几代人', '致力于', '图', '宗教', '民族主义', '纳粹主义', '硬币', '正反面', '女性', '零食', '饮料']"
73,2023-10-22 12:16,"['人口', '平均年龄', '妇女儿童', '地区', '人口', '年龄结构', '男性', '女性', '男性', '女性', '男性', '女性', '男性', '女性', '男性', '女性', '人口', '灾难', '机会', '医疗', '体系', '人世间', '孩子', '百姓', '妇女儿童', '地带', '名', '儿童', '人', '老师', '整理', '数据']"
74,2023-10-13 17:20,"['村霸', '保护伞', '人民', '红军', '锄奸', '市长', '市长', '书记', '晚会', '直播间', '价格', '干部', '视频', '保护伞', '合法', '网页', '链接']"
75,2023-10-16 22:07,"['书记', '被告方', '被告', '被告', '书记', '方巷', '村霸', '人民', '红军', '锄奸', '新闻']"
76,2023-10-19 07:53,"['方法', '决议', '罪恶', '种子', '成']"
77,2023-05-23 12:27,"['正法', '业力', '誓言', '正法', '世界', '正法', '末法', '秩序', '战争', '事物', '履行职责', '正法', '正念', '正法', '正法', '武器', '观念', '真理', '正法', '因缘', '源头', '战争', '战争', '正法', '敌我', '肉身', '世间', '身份', '职责', '正法', '灵魂', '战争', '君权', '神', '战争', '经带', '物质文明', '人类', '神', '正法', '信使', '世间', '灵魂', '通向', '真理', '途径', '负面', '手段', '正法', '手段', '理拉', '剧集', '真理', '因缘', '源头', '大局', '超度', '教', '一师', '拘泥', '教派', '形式', '物质条件', '宇宙', '成私', '布施', '人', '世界', '能量', '超度', '灵魂', '超度', '真理', '正法', '境界']"
78,2021-08-01 16:52,"['冠军', '梦', '男子', '铜', '项目', '男子', '决赛', '动作', '金牌', '代表', '劣势', '决赛', '全场', '代表队', '铜牌', '冠军', '季军', '风范', '运动员', '决赛', '精彩', '铜牌']"
79,2023-10-12 22:25,"['女厕', '外国人', '笑话', '爷爷', '国际']"
80,2023-10-27 17:34,"['地', '军事冲突', '边境', '高度', '博', '视频']"
81,2023-10-31 14:21,"['世纪', '主人', '世界']"
82,2023-10-17 21:37,"['神剧', '博', '视频']"
83,2023-10-09 21:04,"['国家', '战乱', '小萝莉猴', '神', '大叔']"
84,2021-05-14 22:01,"['人', '秘密', '人', '歷史', '故事', '人', '武力', '博', '视频']"
85,2021-12-10 08:41,"['案件', '通报', '父母', '传票', '姐姐', '银行', '大渡口区', '行长', '老干部', '住房', '法院', '强制执行', '床', '家门', '代理律师', '父母', '办理', '夫妻', '父亲', '名字', '购房', '收款', '收据', '公章', '肉眼', '收款', '收据', '法律', '效应', '白条', '收款', '购房', '肉眼', '纸张', '父母', '住房', '关系', '办理', '名字', '法院', '亲友们', '代理律师', '证据', '客观', '伪造证据', '父母', '住房', '证据', '链条', '父亲', '名字', '购房', '收款', '收据', '另案', '现实', '事情', '律法', '司法腐败', '电话']"
86,2023-10-02 05:25,"['市长', '书记', '市长', '书记', '村霸', '保护伞', '村霸', '保护伞', '合法', '农业', '农村', '局长', '保护伞', '合法', '事', '网页', '链接', '网页', '链接', '保护伞', '合法', '农业', '农村', '局长', '保护伞', '合法', '新闻', '网页', '链接']"
87,2023-09-20 20:06,"['嫂子', '干', '博', '视频']"
88,2023-10-28 08:09,"['群友', '空', '观点', '分歧', '油价', '局势', '宏观', '情绪', '情况', '风险', '空', '油价', '抄底', '图', '蓝线', '代表', '代表', '局势', '图', '指标', '情绪']"
89,2023-10-15 06:49,"['狼', '传奇', '蓝色', '蓝色', '繁蔓', '花园', '野人', '海', '传奇', '石', '誓言', '交融', '挚爱', '血脉', '至亲', '层层', '金色', '天空', '红底', '雨', '合音', '时空', '交织', '歌声', '地震', '沙漠', '草原', '大地', '岛', '音', '天空', '记忆', '星球', '宇宙', '狼', '传奇', '狼', '指', '生', '狼', '传奇']"
90,2023-09-27 22:08,"['市长', '书记', '村霸', '保护伞', '合法', '农业', '农村', '局长', '保护伞', '合法', '事', '网页', '链接', '网页', '链接', '保护伞', '合法', '农业', '农村', '局长', '保护伞', '合法', '新闻', '博', '网页', '链接']"
91,2023-09-25 05:32,"['村霸', '保护伞', '村霸', '保护伞', '合法', '市长', '书记', '医药', '风暴', '大学', '直播间', '价格', '投案', '法官', '果果', '中级人民', '网页', '链接']"
92,2023-09-29 22:27,"['村霸', '保护伞', '直播间', '价格', '医药', '风暴', '新闻', '市长', '书记', '村霸', '保护伞', '合法', '农业', '农村', '局长', '保护伞', '合法', '事', '网页', '链接', '网页', '链接', '保护伞', '合法', '网页', '链接']"
93,2023-09-30 05:22,"['市长', '直播间', '价格', '村霸', '保护伞', '保护伞', '合法', '农业', '农村', '局长', '保护伞', '合法', '新闻', '博', '法官', '新闻', '农业', '农村', '局长', '保护伞', '合法', '网页', '链接', '网页', '链接']"
94,2023-09-27 22:00,"['市长', '村霸', '保护伞', '直播间', '价格', '保护伞', '合法', '农业', '农村', '局长', '保护伞', '合法', '新闻', '博', '法官', '新闻', '农业', '农村', '局长', '保护伞', '合法', '网页', '链接', '市长', '网页', '链接']"
95,2023-09-25 05:42,"['市长', '村霸', '保护伞', '保护伞', '合法', '农业', '农村', '局长', '保护伞', '合法', '新闻', '博', '法官', '新闻', '直播间', '价格', '农业', '农村', '局长', '保护伞', '合法', '网页', '链接']"
96,2023-09-25 05:34,"['村霸', '保护伞', '农业', '农村', '局长', '村霸', '保护伞', '合法', '村霸', '保护伞', '合法', '直播间', '价格', '新闻', '投案', '法官', '果果', '法官', '果果', '违纪', '投案', '网页', '链接']"
97,2023-10-30 21:52,['平台']
98,2023-10-29 18:10,"['医务人员', '时间', '时间', '社交', '媒体', '视频', '救护车', '医务人员', '婴儿', '观察者', '网微博', '视频']"
99,2023-10-30 19:04,"['战离', '祖国', '祖国', '冲锋', '视频']"
100,2023-09-28 05:51,"['市长', '书记', '被告方', '被告', '书记', '政府', '被告', '直播间', '价格', '网页', '链接']"
101,2023-09-27 22:11,"['市长', '市长', '书记', '村霸', '保护伞', '晚会', '直播间', '价格', '新闻', '保护伞', '合法', '农业', '农村', '局长', '网页', '链接']"
102,2023-09-30 05:29,"['村霸', '保护伞', '直播间', '价格', '医药', '风暴', '新闻', '市长', '书记', '村霸', '保护伞', '合法', '农业', '农村', '局长', '保护伞', '合法', '网页', '链接']"
103,2023-10-14 15:53,"['台词', '字幕', '博', '视频']"
104,2023-03-06 17:38,"['会粹', '遗', '观点', '祖国', '遗', '绣女', '小时', '女养', '家糊', '绣女', '绣业', '业', '学', '刺绣', '母传', '女姐', '教妹', '原生态', '遗', '消失']"
105,2022-04-08 06:26,"['年薪', '书记', '会粹', '公司', '专利权', '知识产权局', '绣品', '街', '绣品', '街', '刺绣', '会粹', '肖像', '家谱', '艺术品', '领先', '遗', '艺术', '世界', '会粹', '绝技', '家人', '世界', '名画']"
106,2023-10-22 09:45,['峰会']
107,2023-07-04 09:54,"['专利', '年薪', '遗用', '刺绣', '市面上', '技艺', '会粹用', '巨资', '绝技', '人', '灵魂', '肖像', '家谱', '人类', '灵魂', '艺术', '人类', '传家宝', '世间', '万物', '会粹', '肖像', '家谱', '专利', '会粹', '艺术', '肖像', '家谱', '人', '灵魂', '专利', '领先', '遗', '技', '家人', '世界', '名画']"
108,2023-07-24 06:58,"['专利', '年薪', '少女', '闺阁', '历史', '奶奶', '纠葛', '学', '刺绣', '原生态', '问', '记忆里', '书籍', '历史长河', '专利', '会粹', '艺术', '肖像', '家谱', '人', '灵魂', '专利', '领先', '遗', '技', '家人', '世界', '名画']"
109,2023-10-12 14:22,"['白纸', '蓝笔', '私信', '笔迹']"
110,2019-01-11 09:15,"['国际歌', '国际歌']"
111,2023-09-06 13:05,"['闹钟', '年薪', '灵魂', '刺绣', '画面', '原创', '刺绣', '画技', '过程', '刺绣', '图案', '绣花', '少女', '刺绣', '奶奶', '艺术品', '刺绣', '礼品', '工艺品', '刺绣', '女性', '男性', '刺绣', '专利', '会粹', '肖像', '家谱', '灵魂', '领先', '遗', '技']"
112,2023-07-23 00:00,"['纪念', '博', '视频']"
113,2023-10-21 10:57,['孩子']
114,2023-01-06 09:37,"['牛', '公司', '干件', '大事', '瓷器活', '宅女', '视频', '众志成城', '人定胜天']"
115,2023-09-20 10:38,"['专利', '恋情', '传闻', 'A股', '年薪', '灵魂', '刺绣', '画面', '原创', '刺绣', '画技', '过程', '刺绣', '图案', '绣花', '少女', '刺绣', '奶奶', '艺术品', '刺绣', '礼品', '工艺品', '刺绣', '女性', '男性', '刺绣', '专利', '会粹', '肖像', '家谱', '灵魂', '领先', '遗', '技']"
116,2012-11-20 20:56,"['现场', '照片', '医院', '战争', '旁观者', '想象', '孩子', '承受能力', '大图', '世界', '假装']"
117,2023-10-29 16:25,"['女生', '本质区别', '全世界', '事实', '恐怖分子', '边境', '竞争对手', '人', '地带', '水电', '互联网', '基础设施', '恐怖分子', '利用', '资源', '弹药', '司机', '当局', '恐怖活动', '居民', '恐怖组织', '机会', '视频']"
118,2023-10-03 14:26,"['问', '老牛', '财经', '博主', '基金', '经理', '时政', '本职工作', '基金', '经理', '原因', '卵巢', '彩票', '政治经济', '政策', '公平', '现象', '不合理', '人', '股市', '时站', '散户', '立场', '大', '股东', '交易', '制度', '机构', '言论', '散户', '义愤', '程度', '时', '股市', '股市', '走势', '经济', '经济', '时政', '经济', '企业家', '投资者', '信心', '时', '技术性', '制度', '解决问题', '关心', '时政', '观点', '原因', '普通人', '言论', '空气', '影响力', '人', '国家', '献计献策', '股市', '利空', '情况', '空间', '动力', '结构性', '机会', '土地', '人才', '冒险', '事情']"
119,2014-04-22 22:19,"['大学校长', '书单', '校长', '时间', '简史', '校长', '校长', '校长', '校长', '哲学', '简史', '校长', '校长', '神雕侠侣', '校长', '世界']"
120,2023-10-25 09:22,"['旗号', '社区', '家庭', '孩子', '女孩', '男主人', '父亲', '教授', '全家', '情况', '词', '大师', '微博', '视频']"
121,2023-10-23 16:54,"['环球军事', '兄妹', '医院', '语气', '采访者', '军情', '军情', '退伍军人', '博', '视频']"
122,2022-07-30 22:26,"['全球性', '科技', '人类', '科技', '时期', '脑神经', '科学', '人工智能', '技术', '技术', '战争', '风险', '战争', '时期', '军备竞赛', '技术', '金融', '星象']"
123,2020-03-21 12:50,"['道长', '丘处机', '故事', '影片', '作品', '演员', '涂们', '人', '主演', '电影频道', '博', '视频']"
124,2023-10-31 17:18,"['借口', '无辜', '妇女儿童', '理由', '目的', '军队', '土地', '难民', '正义性', '观点', '宗教', '极端主义', '思想', '道路', '全世界', '正义', '制裁', '人类', '决议', '视频']"
125,2023-10-29 16:53,"['朋友', '地方']"
126,2023-10-09 21:00,"['乱局', '时间', '线', '网页', '链接']"
127,2020-05-17 19:23,"['世界', '地图集', '世界史', '世界', '地图集', '版', '细节', '六版', '国家', '地理', '世界', '地图集', '图', '绿色', '阴影', '代表', '经典', '红色', '文字', '地图', '图', '战争', '国家', '领土', '地图', '图', '协议', '生效', '军队', '情况', '协议', '条约', '条约', '过程', '地图', '图', '地图', '图', '全境', '领土', '红袍', '萤火虫', '鹰']"
128,2023-10-31 23:33,"['方人', '时间', '局势', '方', '敌对行动', '人', '全力', '局势', '方', '国际', '人道', '法', '义务', '人', '灾难', '外交', '人员', '对话', '空间', '危机', '政治', '轨道', '当事方', '地缘', '政治', '考量', '战争', '作出努力', '代表', '人', '民众', '国际', '人道', '法', '重要性', '法治', '开绿灯', '全世界', '目光', '历史记录', '国际', '时讯', '国际', '时讯', '视频']"
129,2023-10-30 18:06,"['话', '全剧', '全程', '高能', '影视', '博', '视频']"
130,2023-10-31 20:43,"['妹妹', '藤原', '视频']"
131,2023-10-20 10:34,[]
132,2023-10-30 19:53,"['对立面', '仇恨', '全世界', '无脑', '全世界', '借机', '人']"
133,2023-10-29 06:39,"['交流', '消耗', '交流', '普通人', '人', '交流', '互联网', '社会', '交流', '人', '地球', '网络覆盖', '地球', '人', '交流', '交流', '坐地', '全世界', '地球', '人类', '精神', '人', '力量', '感觉', '人', '盆', '人', '五毛', '全球', '人', '虚幻', '力量', '情绪', '价值', '落地', '现实主义者', '时代', '商机', '头脑', '聪明人', '互联网', '法律', '禁地', '总体', '互联网', '时代', '受益者', '情形', '五毛', '情绪', '价值', '获得者', '现实', '全球', '全球', '人', '精神', '世界', '幻觉', '笑话', '原形', '事', '饭点', '运动鞋', '宽带', '费用', '老板', '催账单', '客户', '儿子', '班主任', '老婆', '袜子', '生气', '老婆', '手机', '狗子', '假装', '头发', '粉底液', '卡', '粉脸', '外套', '啤酒肚', '老板', '村长', '顶嘴', '日子', '世界', '地球', '人', '交流', '外太空', '名人', '空虚', '早安', '胳膊', '踢踢腿', '世界', '交流', '人生', '主题', '交流']"
134,2023-10-30 14:09,"['儿童', '地带', '儿童', '视频', '总统', '录音', '声', '儿童', '博', '视频']"
135,2023-10-18 17:48,"['用户', '烧砖', '医院', '老师', '读', '年本', '博', '医院', '祖国']"
136,2023-10-29 14:51,"['朋友', '学生', '己见', '信源', '假新闻']"
137,2023-10-31 00:41,"['建议', '代入', '背景', '民众', '遭遇', '炮火', '炮火', '铁穹', '系统', '平民', '事件', '事件', '情绪', '爱心', '世界', '本质', '世界', '地面', '事件', '世界', '国家', '双向', '弱者', '弱者', '惨状', '决议', '国家', '大军', '差点', '地盘', '地盘', '地球', '地盘', '国家', '地理', '面积', '血泪', '历史', '优质', '地盘', '地盘', '人', '地盘', '历史', '太短', '人', '事', '地球', '动物', '法则', '人类', '星球', '族群', '同情', '情绪', '爱心', '命']"
138,2023-10-30 11:10,"['武装', '正面战场', '机会', '游击战', '方式', '时间', '人道主义', '灾难', '国际', '压力', '结局', '人', '战争', '鼻血', '武装', '极端', '路线']"
139,2023-10-31 18:11,"['记者', '驱车', '画面', '居民区', '视频']"
140,2023-10-31 20:12,"['视频', '毕业典礼', '所有人', '梦想', '梦想', '大学', '学生', '家园', '亲人', '孩子', '光明', '留学生', '博', '视频']"
141,2023-10-19 10:11,"['目标', '重磅', '会议', '部署', '制造业', '互联网', '科技', '企业', '热点话题', '市场', '交流', '全球', '价值链', '高端', '企业', '代表', '小米', '硬核', '科技', '公司', '活力', '科技', '企业', '名片', '智能', '科技', '企业', '步伐']"
142,2021-09-21 20:35,"['射雕', '集', '经典', '射雕', '大结局', '剧', '视频']"
143,2023-10-26 17:22,"['半岛', '电视台', '分社', '社长', '妻儿', '媒体', '半岛', '电视台', '媒体', '分社', '社长', '妻子', '儿子', '女儿', '半岛', '电视台', '镜头', '医院', '太平间', '妻子', '儿子', '女儿', '身子', '儿子', '脸', '儿子', '梦想', '记者', '女儿', '尸体', '血迹', '脸', '医院', '时', '半岛', '电视台', '镜头', '事情', '儿童', '妇女', '平民', '针对性', '人', '事情', '地区', '难民营', '小时', '半岛', '电视台', '声明', '妻子', '儿子', '女儿', '家人', '瓦砾', '难民营', '住所', '目标', '经历', '流离失所', '总理', '营地', '文', '环球网', '视频', '半岛', '电视台', '宇宙', '飞', '火凤凰', '博', '视频']"
144,2023-10-31 23:43,"['地带', '惨剧', '难民营', '人', '战争', '视频']"
145,2023-10-31 21:34,"['儿童', '种族', '战争', '视频', '声', '声', '观察者', '网微博', '视频']"
146,2023-04-03 08:46,['定居者']
147,2023-10-30 11:35,"['土地', '资源', '生存权', '土地', '资源', '人权', '协商', '活', '人', '魔鬼']"
148,2023-10-30 13:13,"['孩子', '大使馆', '官方', '博', '大使馆', '博', '办事处', '博', '视频']"
149,2023-10-31 23:16,"['衣服', '士兵', '士兵', '头部', '战争', '帝官', '视频']"
150,2023-10-31 22:30,"['介文', '刽子手', '社会', '儿童', '武统', '武力', '博', '视频']"
151,2023-10-31 21:15,"['世界', '军队', '战俘', '恶心', '大象', '砖', '博', '视频']"
152,2023-10-31 11:20,"['体制', '内', '退休金', '补贴', '企业', '银行帐号', '体制', '内', '退休金', '帐号', '补贴', '领钱', '人', '金额', '退休金', '体制', '体制', '内', '良知', '人', '退休金', '时间', '体制', '企业', '时', '差距', '人', '补贴', '人员', '补贴', '比例', '补贴费', '补贴', '基数', '退休金', '老年人', '家庭', '退休金', '老人', '节约', '子女', '退休金', '老人', '钱', '补贴', '子女', '家庭', '老人', '钱']"
153,2023-10-31 23:30,"['网友', '态度', '凝聚力', '太差']"
154,2023-10-12 21:53,"['龙应台', '小民']"
155,2023-10-31 19:06,"['危机', '饥荒', '民众', '仓库', '粮食', '时间', '近东', '难民', '救济', '工程处', '仓库', '民众', '民生', '物资', '事件', '局势', '人', '机构', '物资', '国防', '时报', '排头兵', '兵道', '魂', '博', '视频']"
156,2023-10-29 19:39,"['名', '儿童', '时间', '媒体', '地带', '卫生部门', '消息', '人', '名', '儿童', '名', '妇女', '人', '废墟', '总台', '记者']"
157,2023-10-31 18:22,"['局势', '豹', '劲', '能分', '奖金', '地球', '镜头', '博', '视频']"
158,2023-10-31 20:15,"['敢死队', '人', '敢死队', '人', '死士', '先辈', '殖民', '奴役', '敌人', '土地', '土地', '人', '性命', '家人', '国家', '人民', '世界', '蚕食', '人民', '土地', '资源']"
159,2023-10-30 01:34,"['军警', '视频']"
160,2023-10-29 10:33,"['人', '地带', '经历', '声称', '合法性', '长征', '后卫', '视频']"
161,2023-10-20 08:02,"['坏事', '人', '博', '视频']"
162,2023-10-29 22:16,"['油价', '不合理', '涨价', '调整机制', '公众', '油', '算法', '宇宙', '专利', '块钱', '关键', '关键', '算法', '块钱', '官方', '涨价', '机制', '涨价', '油价', '国际', '油价', '油价', '算法', '套路', '时间', '国际', '原油价格', '汽油价格', '时间推移', '国际', '油价', '油价', '油价', '涨价', '公众', '利益', '油价', '物流', '物价', '公众', '成本', '成本', '汽车', '家庭', '油价', '外界影响', '社会', '油', '采取有效', '措施', '油价', '调整机制', '科学', '机制', '油价', '市场', '供需', '关系']"
163,2023-10-26 18:38,"['完整版', '纪录片', '决议', '面积', '邻国', '发生冲突', '面积', '博', '纪录片', '大学', '猛犸', '君', '视频']"
164,2023-10-13 09:01,"['人', '地带', '军事行动', '两地', '机场', '地带', '人道主义', '危机', '情况', '人', '战事']"
165,2023-10-31 20:27,"['妹妹', '弟弟', '弟弟', '妈妈', '决议', '钢七', '博', '视频']"
166,2023-10-30 21:54,"['居民', '野兽', '黄媒', '博', '视频']"
167,2023-10-12 19:52,"['国运', '羊刃戌土', '爹', '势力', '压力', '爹', '泥菩萨', '国土', '地会', '甲子', '状态', '乙丑', '转机', '甲辰', '农历', '国土', '地会', '乙丑', '大运', '时代', '民族', '天道', '玄学', '视角', '命运', '玄学', '视角', '国运']"
168,2023-10-31 23:14,"['房子', '烟', '博', '视频']"
169,2023-10-27 11:06,"['内', '人', '瘟疫', '医院', '医院', '难民营', '天花', '流行病', '笺注', '博', '视频']"
170,2023-10-31 22:00,"['军队', '图', '寰球', '镜头', '博', '视频']"
171,2023-10-22 17:29,"['男孩', '浑身', '现状', '环球军事', '废墟', '小男孩', '难舍', '博', '视频']"
172,2023-10-21 13:46,"['石', '老师', '讲巴', '版本', '视频', '宝子', '建议', '加快速度', '石', '老师', '口音', '普通话', '字幕', '柱', '博', '视频']"
173,2023-10-31 10:53,"['犹太裔', '新闻记者', '民主党人', '专栏', '书籍', '作家', '获奖者', '战争', '专栏', '文章', '水平', '博士', '博士', '文章', '字', '官员', '两件事', '计划']"
174,2023-10-31 13:41,"['方人', '时间', '局势', '方', '敌对行动', '人', '全力', '局势', '方', '国际', '人道', '法', '义务', '人', '灾难', '外交', '人员', '对话', '空间', '危机', '政治', '轨道', '当事方', '地缘', '政治', '考量', '战争', '作出努力', '代表', '人', '民众', '国际', '人道', '法', '重要性', '法治', '开绿灯', '全世界', '目光', '历史记录', '国际', '时讯', '国际', '时讯', '视频']"
175,2023-10-31 19:20,"['视频', '地理', '定位', '城乡', '结合部', '方人']"
176,2023-10-30 22:23,"['人会', '战争', '孩子', '人', '战争', '孩子', '经历', '军民', '人数', '国家', '人口', '人', '战争', '国家', '战士', '血', '脚印', '杀党', '代价', '战士', '仗', '人', '国家', '世界', '战区', '护卫舰']"
177,2023-10-31 23:56,"['难民营', '地带', '卫生部门', '地带', '人口稠密', '难民营', '人', '人', '人', '废墟', '地带', '医院', '半岛', '电视台', '证实', '消息', '数字', '国际', '时讯', '视频']"
178,2023-10-29 14:00,"['总统', '总统', '时间', '总统', '总统', '时代', '总统', '新闻', '博', '视频']"
179,2023-10-31 09:22,"['女孩', '视频', '悲剧', '始作俑者', '魔酒', '博', '视频']"
180,2023-10-31 14:01,"['英媒', '双标', '视频', '媒体', '视频', '观察者', '网微博', '视频']"
181,2023-10-16 20:18,"['小时', '视频', '黄媒', '博', '视频']"
182,2023-10-31 21:42,"['诗词', '稿集', '民生', '军事', '笔谈', '国际', '军事', '军情', '视频', '人', '国家', '土地', '种子', '阴霾', '饥渴', '血凝', '河流', '红土地', '空气', '人', '火焰', '种子', '牢笼', '战', '时代', '故事', '评论', '视频', '专栏', '军', '纪实', '专栏', '民生', '态势']"
183,2023-10-30 21:42,"['春光', '飞蝶侣', '头', '倩影', '盈怀', '花蕊', '芳绪', '笑颜', '枯色', '总词', '殊体', '文王', '春光', '烟波', '倩影', '盈怀', '芳绪', '动', '笑颜', '芙蓉', '眷痕', '词', '殊体', '文王', '桃红', '彩蝶', '良人', '盈眸', '烟', '冰心', '动动', '芳绪', '影儿', '梦', '楼头', '词', '殊体', '文王', '昙花', '风', '倾心', '离绪', '蜜情', '频报', '词', '殊体', '文王', '赏花', '绕体', '樱园', '蜂蝶', '眸红', '头', '情意', '域', '痕迹', '词', '体', '春分', '文王', '域', '稳盈眸', '风韵', '稚芽', '春融', '醉人', '梨', '心润', '词', '体', '人引蜜', '文王', '桃花', '山', '春色', '茎', '芳迹', '暗域', '愁绪', '估程', '消息', '舞裙', '现伊', '盈眸', '人', '文王', '游径', '前迹', '桃红', '落絮', '褶枝', '滩头', '胭蔻', '春风', '堤', '韵', '风', '玉', '人', '踪远影', '眷', '消失', '笑靥', '词', '宗体', '文王', '人烟', '丘款', '情', '洞庭', '舟迹', '环', '彩绸', '楼阁', '头', '词', '体', '红妆', '文王', '人', '曲声', '笑语', '溪岸', '踪翩舞', '彩裳', '藕花', '岭', '词', '体', '文王', '眸前影', '眉', '彩裙', '春风', '粉面', '莲步', '红妆', '体', '云端', '矮篱', '风雨', '影', '芳踪', '山', '乡情', '眷', '韵', '体', '盈怀', '文王', '锦绣', '秀色', '芳踪', '粉岸', '红酥手', '堤', '殊体', '文王', '秀色', '倩影', '芳踪', '粉岸', '金曲', '雁', '舞', '倾心', '溪', '词', '殊体', '仙葩', '文王', '溪', '锦舍', '仙葩', '菖蒲', '红妆', '彩霞', '潭', '疏影', '蜜露', '芳株', '藕花', '词', '殊体', '文王', '春风', '烟树', '锦舍', '花巷', '游人', '绿柳', '红花', '蝴蝶', '蜜露', '芳株', '共览', '溪', '桥', '客船', '词', '殊体', '人', '梦', '文王', '故峰', '洞', '盈怀', '疏影', '肺', '芳心', '雅意', '彩裙', '体', '人', '文王', '芳踪', '目顶', '盈怀', '温存', '弄影', '柔痕', '损神', '叶落', '销魂', '褶枝', '词', '体', '人', '文王', '莲巷', '疏影', '处', '目端', '芳踪', '风彩', '芙蓉', '鸳鸯', '娇款迹', '玉人', '情融', '体', '人文', '莲巷', '舞池', '步', '芳踪', '风彩', '芙蓉', '春心', '玉', '人', '情融', '樱', '口词', '主持人', '博', '视频']"
184,2023-10-31 23:11,"['战争', '世界', '网友', '爆料', '电影', '博', '视频']"
185,2023-10-13 15:51,"['大军', '博', '视频']"
186,2023-10-06 17:34,"['音', '老哥', '彩礼', '全国', '天']"
187,2023-10-31 19:54,"['儿童', '种族', '战争', '视频', '声', '声巴裔', '男子', '名', '亲属', '观察者', '网微博', '视频']"
188,2023-10-12 17:03,['恐怖主义']
189,2023-10-20 14:25,"['市中心', '医院', '小孩', '笑圈', '少女', '博', '视频']"
190,2023-10-31 22:51,"['军队', '老人', '妇女', '孩子', '残疾人', '幽灵', '礼物', '博', '视频']"
191,2023-10-31 21:42,"['武装', '最新消息', '武装', '军事', '图', '证实', '武装', '弹道导弹', '目标', '声明', '目标', '时间', '视频', '军方', '目标', '军方', '箭式', '系统', '区域', '地对地', '导弹', '路透社', '知情', '人士', '消息', '目标', '地对地', '导弹', '事件']"
192,2023-10-31 15:48,"['霸气', '决议', '锅', '时间', '会议', '代表', '局势', '决议', '草案', '代表', '道理', '局面', '锅', '代表', '局势', '决议', '草案', '代表', '国家', '投票', '决议', '草案', '决议', '草案', '全世界', '国家', '呼声', '局势', '大开绿灯', '草案', '理由', '反对票', '记者', '总台', '环球', '资讯', '博', '视频']"
193,2023-10-31 19:46,"['孩子', '日子', '视频', '战争', '话', '军事', '正义', '黄鸭', '视频']"
194,2023-10-31 16:56,"['霸气', '决议', '锅', '时间', '会议', '代表', '局势', '决议', '草案', '代表', '道理', '局面', '锅', '代表', '局势', '决议', '草案', '代表', '国家', '投票', '决议', '草案', '决议', '草案', '全世界', '国家', '呼声', '局势', '大开绿灯', '草案', '理由', '反对票', '总台', '环球', '资讯', '总台', '环球', '资讯', '博', '视频']"
195,2023-10-31 19:36,"['士兵', '战俘', '士兵', '人员', '遗体', '镜头', '博', '视频']"
196,2023-10-20 10:22,"['世界', '身体', '国际', '博', '视频']"
197,2023-10-31 19:42,"['孩子', '决议', '话', '军事', '正义', '黄鸭', '视频']"
198,2023-10-31 14:46,"['局势', '突击队', '地区', '阵地', '士兵', '炮火', '伤兵', '战地', '医疗', '地球', '镜头', '博', '视频']"
199,2023-10-31 23:56,"['上帝', '鹰', '博', '视频']"
200,2023-10-31 12:57,"['定居者', '军警', '人', '房子', '土地', '关系', '大使', '方', '方人', '孕妇', '剖腹产', '万物', '视频']"
201,2023-10-10 19:51,"['神明', '博', '视频']"
202,2023-10-31 23:08,"['内政', '互联网', '藏区', '藏区', '学校', '藏区', '学校', '内地', '学校', '本质区别', '地区', '条件', '设施', '内地', '农村', '地区', '藏区', '居民', '住宿', '学校', '人', '学校', '藏区', '孩子', '学校', '住宿', '条件', '教学', '条件', '学校', '校车', '学生', '孩子', '放学', '上学', '家长', '藏区', '学校', '教学', '普通话', '地方', '文化', '全国', '藏区', '孩子', '全面提高', '老乡', '大拇指', '学校', '住宿', '孩子', '孩子', '权利', '内政', '互联网']"
203,2023-10-21 18:56,"['大漠', '敢动', '国人', '大漠', '核威慑', '基础', '领先', '世界', '人', '敢动', '民族', '脊梁', '大风', '评点', '博', '视频']"
204,2023-10-12 17:26,"['公民', '公民', '人失', '联数', '人', '遇难者', '遇难者', '家属', '伤者', '外交机构', '全力', '伤员', '遇难者', '全力', '人员', '措施', '人员', '机构', '公民', '网微博', '视频']"
205,2023-10-31 23:41,"['人质', '视频', '女性', '看点', '局长', '博', '视频']"
206,2023-10-31 17:12,"['海盗', '民族', '掠夺者', '时', '对方', '能力', '时', '奏效', '殖民者', '原住民', '人数', '差异', '对方', '能力', '武器', '殖民者', '成本', '收益', '原因', '海盗', '民族', '领会', '原生', '人类', '杀伤性', '武器', '争端', '方式', '人类', '海盗', '民族', '世界', '人类', '世界', '历史', '责任', '理由']"
207,2023-10-29 22:11,"['舵手', '军事', '人民', '舵手', '博', '视频']"
208,2023-10-31 20:00,"['电视', '主持人', '历史', '历史', '教授', '文章', '观点', '视频']"
209,2023-10-12 10:03,"['用人', '话', '热点新闻', '事件', '世界', '博', '视频']"
210,2023-10-28 16:31,"['姨妈', '月经', '姨妈', '月经', '姨妈', '月经', '姨妈', '月经', '姨妈', '月经', '姨妈', '月经', '姨妈', '月经', '姨妈', '月经', '姨妈', '月经', '姨妈', '月经', '姨妈', '月经', '姨妈', '月经', '姨妈', '月经', '姨妈', '月经', '姨妈', '月经', '姨妈', '月经', '姨妈', '月经', '姨妈', '月经', '姨妈', '月经', '姨妈', '月经', '姨妈', '月经']"
211,2023-10-31 16:49,"['水爷', '立场', '人', '呆湾', '博', '视频']"
212,2023-10-30 11:47,"['基地', '民兵', '武装', '视频']"
213,2023-10-31 07:09,"['战争', '重温', '旧作', '恐怖主义', '极端主义', '公号', '文章', '链接', '恐怖主义', '极端主义', '战争', '舆论', '风潮', '人', '正义', '旧作', '实事求是', '立场', '效果', '官方', '根基', '议论', '基础']"
214,2023-10-28 19:46,"['巨人', '巨人', '季', '时长', '资源', '巨人', '漫画']"
215,2023-10-30 14:14,"['根源', '因素', '民族', '土地', '排他性', '主权', '根本原因', '人', '历史', '文化背景', '土地', '主权', '争议', '历史', '殖民', '根源', '移民', '政策', '移民', '政策', '土地', '家园', '因素', '国家', '国家', '影响力', '国际', '声音', '地位', '宗教', '因素', '人', '宗教', '文化', '传统', '传统', '交汇', '仇恨', '根源', '历史', '政治', '文化', '宗教', '角度', '综合性', '措施', '对话', '协商', '解决方案']"
216,2023-10-31 23:46,"['医生', '婴儿', '婴儿', '母亲', '孩子', '母亲', '正常人', '母亲', '博', '视频']"
217,2023-10-31 17:45,"['战争', '战争', '新闻', '电视台', '网站', '政治', '事务', '副外长', '警告', '地带', '抵抗力量', '政权', '参考消息', '博', '视频']"
218,2023-10-28 19:56,"['情报', '总部', '敢死队', '情报中心', '现代战争', '想象', '弱者', '力量', '时', '战争', '形势', '来源']"
219,2023-10-11 13:33,"['投降主义', '论调', '代价', '战胜', '日军', '战争', '民国', '消耗', '国']"
220,2023-10-29 18:37,"['突击队', '女兵', '结局', '镜头', '战争', '大餅', '视频']"
221,2023-10-27 23:06,"['大使馆', '博', '视频']"
222,2023-10-31 20:00,"['局势', '人员', '表态', '人员', '博', '视频']"
223,2023-10-31 19:44,"['局势', '官员', '官员', '表态', '考量', '博', '视频']"
224,2023-10-25 01:19,"['图', '图', '台词']"
225,2023-06-18 02:48,[]
226,2023-10-29 14:42,"['世界', '人民', '对立面', '战争贩子']"
227,2023-10-30 09:44,"['秘书长', '土地', '视频']"
228,2023-10-31 09:14,"['小女孩', '剑', '博', '视频']"
229,2023-10-31 09:39,"['会议', '代表', '声音', '问道', '信仰', '肤色', '国籍', '演讲稿', '双手', '家人', '医院', '居民区', '孩子', '平民', '无辜', '目的', '战争', '消失', '世界']"
230,2023-10-29 11:18,"['官员', '私下', '危机', '全球', '方针', '关键', '原则', '原本', '时期', '官员', '网页', '链接']"
231,2023-10-26 11:32,"['神', '载人', '飞船', '火箭', '轨道', '航天员', '乘组', '状态', '神', '神', '航天员', '会师', '太空', '神', '现场']"
232,2023-10-30 16:44,"['椅子', '脑袋', '血色', '身体', '肩膀', '地方', '地方']"
233,2023-10-31 16:50,"['光', '脚', '小女孩', '表情', '战争', '内心', '视频']"
234,2023-10-30 23:30,"['信号', '老人', '新闻媒体', '家人', '镜头', '比划', '视频']"
235,2023-10-12 19:17,"['海军', '航母', '海域', '部署', '舰', '航母', '航母', '动态']"
236,2023-10-29 20:45,"['边界', '军事', '烈度', '声', '地带', '军事行动', '地带', '边界', '原本', '坦克', '装甲车', '边界地区', '军事', '部队', '地点', '地带', '声', '声', '地方', '地面', '地带', '地面', '规模', '局势', '博', '视频']"
237,2023-10-31 16:48,"['博', '视频']"
238,2023-05-29 09:03,"['河蟹', '全网', '独家', '制', '时代', '雇', '时代']"
239,2023-10-31 16:23,"['公司', '估值', '收购价', '公司', '估值', '文件', '价格', '员工', '股票', '估值', '公司', '时', '价低', '知情', '人士', '社交', '媒体', '公司', '估值', '员工', '公司', '内容', '规则', '损失', '广告', '视频', '视频', '博', '视频']"
240,2023-10-27 17:36,"['技术', '幻想', '现实', '现场', '观影', '体验', '现场', '心愿', '太空', '评论', '区', '电视', '星辰', '礼', '网页', '链接', '免单', '航线', '评论', '区']"
